Model,Accuracy,Features
AdaBoost,0.8295964125560538,"Pclass, Sex, Age, SibSp, Parch"
AdaBoost,0.8295964125560538,"Pclass, Sex, Age, SibSp, Embarked"
AdaBoost,0.8251121076233184,"Pclass, Sex, Age, SibSp"
AdaBoost,0.8161434977578476,"Pclass, Sex, Age, Parch"
AdaBoost,0.8161434977578476,"Pclass, Sex, Age, SibSp, Parch, Embarked"
AdaBoost,0.8161434977578476,"Pclass, Sex, Age, Parch, Fare, Embarked"
AdaBoost,0.8116591928251121,"Pclass, Sex, Age"
AdaBoost,0.8116591928251121,"Pclass, Sex, Age, Embarked"
AdaBoost,0.8116591928251121,"Pclass, Sex, SibSp, Parch"
AdaBoost,0.8116591928251121,"Sex, Age, SibSp, Parch"
AdaBoost,0.8116591928251121,"Sex, Age, SibSp, Fare"
AdaBoost,0.8116591928251121,"Pclass, Sex, Age, Parch, Embarked"
AdaBoost,0.8116591928251121,"Pclass, Sex, Age, SibSp, Parch, Fare"
AdaBoost,0.8071748878923767,"Sex, SibSp"
AdaBoost,0.8071748878923767,"Sex, Parch"
AdaBoost,0.8071748878923767,"Pclass, Sex, SibSp"
AdaBoost,0.8071748878923767,"Pclass, Sex, Parch"
AdaBoost,0.8071748878923767,"Sex, Age, SibSp"
AdaBoost,0.8071748878923767,"Sex, Age, Parch"
AdaBoost,0.8071748878923767,"Sex, SibSp, Parch"
AdaBoost,0.8071748878923767,"Sex, SibSp, Embarked"
AdaBoost,0.8071748878923767,"Sex, Parch, Fare"
AdaBoost,0.8071748878923767,"Sex, Parch, Embarked"
AdaBoost,0.8071748878923767,"Sex, Age, SibSp, Embarked"
AdaBoost,0.8071748878923767,"Sex, Age, Parch, Fare"
AdaBoost,0.8071748878923767,"Sex, Age, Parch, Embarked"
AdaBoost,0.8071748878923767,"Sex, SibSp, Parch, Embarked"
AdaBoost,0.8071748878923767,"Pclass, Sex, Age, SibSp, Fare"
AdaBoost,0.8071748878923767,"Pclass, Sex, Age, Parch, Fare"
AdaBoost,0.8071748878923767,"Sex, Age, SibSp, Parch, Embarked"
AdaBoost,0.8026905829596412,Sex
AdaBoost,0.8026905829596412,"Pclass, Sex"
AdaBoost,0.8026905829596412,"Sex, Age"
AdaBoost,0.8026905829596412,"Sex, Fare"
AdaBoost,0.8026905829596412,"Sex, Embarked"
AdaBoost,0.8026905829596412,"Sex, Age, Fare"
AdaBoost,0.8026905829596412,"Sex, Age, Embarked"
AdaBoost,0.8026905829596412,"Pclass, Sex, SibSp, Embarked"
AdaBoost,0.8026905829596412,"Pclass, Sex, Parch, Embarked"
AdaBoost,0.8026905829596412,"Sex, SibSp, Parch, Fare"
AdaBoost,0.8026905829596412,"Pclass, Sex, SibSp, Parch, Embarked"
AdaBoost,0.8026905829596412,"Sex, Age, SibSp, Fare, Embarked"
AdaBoost,0.8026905829596412,"Sex, Age, SibSp, Parch, Fare, Embarked"
AdaBoost,0.7982062780269058,"Pclass, Sex, Embarked"
AdaBoost,0.7982062780269058,"Sex, SibSp, Fare, Embarked"
AdaBoost,0.7982062780269058,"Pclass, Sex, SibSp, Fare, Embarked"
AdaBoost,0.7982062780269058,"Pclass, Sex, Parch, Fare, Embarked"
AdaBoost,0.7982062780269058,"Pclass, Sex, SibSp, Parch, Fare, Embarked"
AdaBoost,0.7937219730941704,"Sex, Fare, Embarked"
AdaBoost,0.7937219730941704,"Sex, Age, Fare, Embarked"
AdaBoost,0.7937219730941704,"Sex, Parch, Fare, Embarked"
AdaBoost,0.7937219730941704,"Sex, Age, Parch, Fare, Embarked"
AdaBoost,0.7937219730941704,"Pclass, Sex, Age, SibSp, Parch, Fare, Embarked"
AdaBoost,0.7892376681614349,"Pclass, Sex, Age, Fare"
AdaBoost,0.7892376681614349,"Pclass, Sex, Age, SibSp, Fare, Embarked"
AdaBoost,0.7847533632286996,"Pclass, Sex, Fare, Embarked"
AdaBoost,0.7847533632286996,"Pclass, Sex, Age, Fare, Embarked"
AdaBoost,0.7802690582959642,"Sex, Age, SibSp, Parch, Fare"
AdaBoost,0.7757847533632287,"Pclass, Age, Parch, Embarked"
AdaBoost,0.7713004484304933,"Pclass, Sex, SibSp, Parch, Fare"
AdaBoost,0.7668161434977578,"Sex, SibSp, Fare"
AdaBoost,0.7668161434977578,"Pclass, Sex, SibSp, Fare"
AdaBoost,0.7668161434977578,"Pclass, Sex, Parch, Fare"
AdaBoost,0.7623318385650224,"Pclass, Parch"
AdaBoost,0.7623318385650224,"Pclass, Sex, Fare"
AdaBoost,0.7623318385650224,"Pclass, Parch, Embarked"
AdaBoost,0.7623318385650224,"Sex, SibSp, Parch, Fare, Embarked"
AdaBoost,0.757847533632287,"Pclass, SibSp, Parch, Embarked"
AdaBoost,0.7533632286995515,"Pclass, Age, Fare, Embarked"
AdaBoost,0.7533632286995515,"Pclass, Age, Parch, Fare, Embarked"
AdaBoost,0.7488789237668162,"Pclass, Age, SibSp, Parch, Embarked"
AdaBoost,0.7443946188340808,"Pclass, SibSp, Embarked"
AdaBoost,0.7443946188340808,"Pclass, SibSp, Fare, Embarked"
AdaBoost,0.7354260089686099,"Pclass, Fare, Embarked"
AdaBoost,0.7309417040358744,"Pclass, Embarked"
AdaBoost,0.7309417040358744,"Pclass, Age, Fare"
AdaBoost,0.7309417040358744,"Pclass, Age, Parch, Fare"
AdaBoost,0.7309417040358744,"Pclass, Age, SibSp, Fare, Embarked"
AdaBoost,0.7309417040358744,"Pclass, Age, SibSp, Parch, Fare, Embarked"
AdaBoost,0.726457399103139,"Pclass, Age, SibSp, Fare"
AdaBoost,0.726457399103139,"Pclass, Age, SibSp, Parch, Fare"
AdaBoost,0.7174887892376681,"Pclass, SibSp, Fare"
AdaBoost,0.7174887892376681,"Age, SibSp, Fare, Embarked"
AdaBoost,0.7174887892376681,"Age, SibSp, Parch, Fare, Embarked"
AdaBoost,0.7130044843049327,"Pclass, Age"
AdaBoost,0.7040358744394619,"SibSp, Fare"
AdaBoost,0.7040358744394619,"Pclass, Age, Embarked"
AdaBoost,0.7040358744394619,"SibSp, Parch, Fare"
AdaBoost,0.7040358744394619,"SibSp, Fare, Embarked"
AdaBoost,0.7040358744394619,"Pclass, Age, SibSp, Embarked"
AdaBoost,0.7040358744394619,"SibSp, Parch, Fare, Embarked"
AdaBoost,0.6995515695067265,"Pclass, Parch, Fare, Embarked"
AdaBoost,0.6995515695067265,"Pclass, SibSp, Parch, Fare, Embarked"
AdaBoost,0.695067264573991,Fare
AdaBoost,0.695067264573991,"Parch, Fare"
AdaBoost,0.695067264573991,"Age, SibSp, Fare"
AdaBoost,0.695067264573991,"Age, SibSp, Parch, Fare"
AdaBoost,0.6905829596412556,"Fare, Embarked"
AdaBoost,0.6860986547085202,Age
AdaBoost,0.6860986547085202,"Pclass, Age, SibSp"
AdaBoost,0.6860986547085202,"Pclass, Parch, Fare"
AdaBoost,0.6860986547085202,"Age, Parch, Fare"
AdaBoost,0.6860986547085202,"Age, Fare, Embarked"
AdaBoost,0.6860986547085202,"Parch, Fare, Embarked"
AdaBoost,0.6860986547085202,"Pclass, SibSp, Parch, Fare"
AdaBoost,0.6860986547085202,"Age, Parch, Fare, Embarked"
AdaBoost,0.6816143497757847,"Pclass, Fare"
AdaBoost,0.6816143497757847,"Age, Fare"
AdaBoost,0.6816143497757847,"Pclass, Age, SibSp, Parch"
AdaBoost,0.6771300448430493,Pclass
AdaBoost,0.6771300448430493,"Pclass, SibSp"
AdaBoost,0.6771300448430493,"Age, Embarked"
AdaBoost,0.6771300448430493,"Pclass, Age, Parch"
AdaBoost,0.6771300448430493,"Pclass, SibSp, Parch"
AdaBoost,0.672645739910314,"Age, SibSp, Parch"
AdaBoost,0.672645739910314,"Age, Parch, Embarked"
AdaBoost,0.6681614349775785,"Age, SibSp"
AdaBoost,0.6681614349775785,"SibSp, Parch"
AdaBoost,0.6636771300448431,Embarked
AdaBoost,0.6636771300448431,"SibSp, Embarked"
AdaBoost,0.6636771300448431,"Parch, Embarked"
AdaBoost,0.6636771300448431,"Age, SibSp, Embarked"
AdaBoost,0.6591928251121076,"Age, Parch"
AdaBoost,0.6591928251121076,"Age, SibSp, Parch, Embarked"
AdaBoost,0.6547085201793722,Parch
AdaBoost,0.6502242152466368,"SibSp, Parch, Embarked"
AdaBoost,0.6367713004484304,SibSp
CatBoost,0.8789237668161435,"Pclass, Sex, Age, Parch, Fare"
CatBoost,0.8699551569506726,"Pclass, Sex, Age, Fare"
CatBoost,0.8565022421524664,"Pclass, Sex, Age, Fare, Embarked"
CatBoost,0.8565022421524664,"Pclass, Sex, Age, SibSp, Fare, Embarked"
CatBoost,0.852017937219731,"Pclass, Sex, Age, SibSp, Parch, Fare"
CatBoost,0.852017937219731,"Pclass, Sex, Age, Parch, Fare, Embarked"
CatBoost,0.852017937219731,"Sex, Age, SibSp, Parch, Fare, Embarked"
CatBoost,0.8475336322869955,"Pclass, Sex, Age, SibSp, Fare"
CatBoost,0.8475336322869955,"Sex, Age, SibSp, Parch, Fare"
CatBoost,0.8475336322869955,"Pclass, Sex, Age, SibSp, Parch, Fare, Embarked"
CatBoost,0.8430493273542601,"Pclass, Sex, Parch"
CatBoost,0.8430493273542601,"Pclass, Sex, Fare"
CatBoost,0.8430493273542601,"Pclass, Sex, Age, Parch"
CatBoost,0.8430493273542601,"Sex, Age, SibSp, Parch, Embarked"
CatBoost,0.8430493273542601,"Sex, Age, SibSp, Fare, Embarked"
CatBoost,0.8385650224215246,"Sex, Age, SibSp"
CatBoost,0.8385650224215246,"Pclass, Sex, Age, Embarked"
CatBoost,0.8385650224215246,"Pclass, Sex, Parch, Embarked"
CatBoost,0.8385650224215246,"Sex, Age, SibSp, Parch"
CatBoost,0.8385650224215246,"Sex, Age, SibSp, Fare"
CatBoost,0.8385650224215246,"Sex, Age, SibSp, Embarked"
CatBoost,0.8385650224215246,"Pclass, Sex, Age, SibSp, Embarked"
CatBoost,0.8385650224215246,"Pclass, Sex, Age, Parch, Embarked"
CatBoost,0.8340807174887892,"Pclass, Sex, Age"
CatBoost,0.8340807174887892,"Pclass, Sex, Age, SibSp, Parch"
CatBoost,0.8340807174887892,"Pclass, Sex, Parch, Fare, Embarked"
CatBoost,0.8340807174887892,"Sex, SibSp, Parch, Fare, Embarked"
CatBoost,0.8295964125560538,"Pclass, Sex, Age, SibSp"
CatBoost,0.8295964125560538,"Pclass, Sex, Fare, Embarked"
CatBoost,0.8295964125560538,"Sex, Age, Parch, Fare"
CatBoost,0.8295964125560538,"Sex, Age, Parch, Fare, Embarked"
CatBoost,0.8295964125560538,"Pclass, Sex, Age, SibSp, Parch, Embarked"
CatBoost,0.8251121076233184,"Pclass, Sex, Embarked"
CatBoost,0.8251121076233184,"Pclass, Sex, SibSp, Fare"
CatBoost,0.8251121076233184,"Pclass, Sex, Parch, Fare"
CatBoost,0.820627802690583,"Sex, Age, Parch"
CatBoost,0.820627802690583,"Sex, SibSp, Parch"
CatBoost,0.820627802690583,"Sex, Age, Fare, Embarked"
CatBoost,0.820627802690583,"Pclass, Sex, SibSp, Parch, Fare, Embarked"
CatBoost,0.8161434977578476,"Sex, SibSp, Fare"
CatBoost,0.8161434977578476,"Sex, Parch, Fare"
CatBoost,0.8116591928251121,"Sex, SibSp"
CatBoost,0.8116591928251121,"Sex, Age, Parch, Embarked"
CatBoost,0.8116591928251121,"Sex, SibSp, Parch, Fare"
CatBoost,0.8116591928251121,"Sex, SibSp, Parch, Embarked"
CatBoost,0.8116591928251121,"Sex, Parch, Fare, Embarked"
CatBoost,0.8116591928251121,"Pclass, Sex, SibSp, Parch, Fare"
CatBoost,0.8116591928251121,"Pclass, Sex, SibSp, Fare, Embarked"
CatBoost,0.8071748878923767,"Sex, Age"
CatBoost,0.8071748878923767,"Sex, Parch"
CatBoost,0.8071748878923767,"Sex, Fare"
CatBoost,0.8071748878923767,"Pclass, Sex, SibSp"
CatBoost,0.8071748878923767,"Sex, Fare, Embarked"
CatBoost,0.8071748878923767,"Sex, SibSp, Fare, Embarked"
CatBoost,0.8026905829596412,Sex
CatBoost,0.8026905829596412,"Pclass, Sex"
CatBoost,0.8026905829596412,"Sex, Embarked"
CatBoost,0.8026905829596412,"Sex, Age, Fare"
CatBoost,0.8026905829596412,"Sex, SibSp, Embarked"
CatBoost,0.8026905829596412,"Sex, Parch, Embarked"
CatBoost,0.8026905829596412,"Pclass, Sex, SibSp, Parch"
CatBoost,0.8026905829596412,"Pclass, Sex, SibSp, Parch, Embarked"
CatBoost,0.7982062780269058,"Sex, Age, Embarked"
CatBoost,0.7982062780269058,"Pclass, Sex, SibSp, Embarked"
CatBoost,0.7668161434977578,"Pclass, Age, Parch"
CatBoost,0.7668161434977578,"Pclass, Age, SibSp, Parch, Fare, Embarked"
CatBoost,0.7623318385650224,"Pclass, Parch"
CatBoost,0.7623318385650224,"Pclass, Parch, Embarked"
CatBoost,0.7623318385650224,"Pclass, Age, SibSp, Fare"
CatBoost,0.7623318385650224,"Pclass, Age, Parch, Fare"
CatBoost,0.7623318385650224,"Pclass, Age, Parch, Fare, Embarked"
CatBoost,0.757847533632287,"Pclass, Age, Fare"
CatBoost,0.757847533632287,"Pclass, Age, SibSp, Parch"
CatBoost,0.757847533632287,"Pclass, Age, SibSp, Parch, Fare"
CatBoost,0.7533632286995515,"Pclass, Parch, Fare"
CatBoost,0.7533632286995515,"Pclass, Age, Parch, Embarked"
CatBoost,0.7533632286995515,"Age, SibSp, Parch, Fare"
CatBoost,0.7533632286995515,"Pclass, Age, SibSp, Fare, Embarked"
CatBoost,0.7488789237668162,"Pclass, SibSp, Parch"
CatBoost,0.7488789237668162,"Age, SibSp, Fare, Embarked"
CatBoost,0.7488789237668162,"Pclass, Age, SibSp, Parch, Embarked"
CatBoost,0.7488789237668162,"Pclass, SibSp, Parch, Fare, Embarked"
CatBoost,0.7443946188340808,"Pclass, Fare"
CatBoost,0.7443946188340808,"Pclass, SibSp, Fare"
CatBoost,0.7443946188340808,"Pclass, Fare, Embarked"
CatBoost,0.7443946188340808,"Pclass, SibSp, Parch, Fare"
CatBoost,0.7443946188340808,"Pclass, SibSp, Parch, Embarked"
CatBoost,0.7443946188340808,"Pclass, Parch, Fare, Embarked"
CatBoost,0.7443946188340808,"Age, SibSp, Parch, Fare, Embarked"
CatBoost,0.7399103139013453,"Pclass, SibSp"
CatBoost,0.7399103139013453,"Fare, Embarked"
CatBoost,0.7399103139013453,"Age, SibSp, Fare"
CatBoost,0.7399103139013453,"Pclass, Age, Fare, Embarked"
CatBoost,0.7354260089686099,Fare
CatBoost,0.7354260089686099,"SibSp, Parch, Fare"
CatBoost,0.7354260089686099,"Pclass, SibSp, Fare, Embarked"
CatBoost,0.7354260089686099,"SibSp, Parch, Fare, Embarked"
CatBoost,0.7309417040358744,"Pclass, Age"
CatBoost,0.7309417040358744,"Pclass, Embarked"
CatBoost,0.7309417040358744,"Pclass, Age, SibSp"
CatBoost,0.7309417040358744,"Age, Fare, Embarked"
CatBoost,0.7309417040358744,"Parch, Fare, Embarked"
CatBoost,0.726457399103139,"Pclass, Age, SibSp, Embarked"
CatBoost,0.7219730941704036,"Age, Fare"
CatBoost,0.7219730941704036,"Pclass, Age, Embarked"
CatBoost,0.7219730941704036,"Pclass, SibSp, Embarked"
CatBoost,0.7219730941704036,"Age, Parch, Fare, Embarked"
CatBoost,0.7130044843049327,"Age, Parch, Fare"
CatBoost,0.7040358744394619,"Age, SibSp, Parch"
CatBoost,0.6995515695067265,"SibSp, Fare"
CatBoost,0.6995515695067265,"Parch, Fare"
CatBoost,0.6995515695067265,"Age, SibSp, Parch, Embarked"
CatBoost,0.6905829596412556,"Age, SibSp"
CatBoost,0.6905829596412556,"Age, Embarked"
CatBoost,0.6860986547085202,"SibSp, Parch, Embarked"
CatBoost,0.6860986547085202,"SibSp, Fare, Embarked"
CatBoost,0.6816143497757847,"Age, SibSp, Embarked"
CatBoost,0.6771300448430493,Pclass
CatBoost,0.6681614349775785,"SibSp, Parch"
CatBoost,0.6681614349775785,"SibSp, Embarked"
CatBoost,0.6636771300448431,SibSp
CatBoost,0.6636771300448431,Embarked
CatBoost,0.6547085201793722,Age
CatBoost,0.6502242152466368,Parch
CatBoost,0.6502242152466368,"Age, Parch"
CatBoost,0.6457399103139013,"Parch, Embarked"
CatBoost,0.6457399103139013,"Age, Parch, Embarked"
DecisionTree,0.852017937219731,"Pclass, Sex, Fare, Embarked"
DecisionTree,0.8430493273542601,"Pclass, Sex, Parch"
DecisionTree,0.8385650224215246,"Pclass, Sex, Age, SibSp, Parch, Fare, Embarked"
DecisionTree,0.8340807174887892,"Sex, Fare"
DecisionTree,0.8340807174887892,"Pclass, Sex, Fare"
DecisionTree,0.8340807174887892,"Pclass, Sex, SibSp, Fare"
DecisionTree,0.8295964125560538,"Sex, Parch, Fare"
DecisionTree,0.8295964125560538,"Pclass, Sex, Parch, Fare"
DecisionTree,0.8295964125560538,"Pclass, Sex, Parch, Embarked"
DecisionTree,0.8251121076233184,"Pclass, Sex, Embarked"
DecisionTree,0.8251121076233184,"Sex, SibSp, Fare"
DecisionTree,0.8251121076233184,"Sex, Fare, Embarked"
DecisionTree,0.8251121076233184,"Sex, SibSp, Parch, Fare"
DecisionTree,0.8251121076233184,"Sex, Parch, Fare, Embarked"
DecisionTree,0.8251121076233184,"Pclass, Sex, SibSp, Parch, Fare"
DecisionTree,0.8251121076233184,"Pclass, Sex, SibSp, Fare, Embarked"
DecisionTree,0.8251121076233184,"Sex, SibSp, Parch, Fare, Embarked"
DecisionTree,0.820627802690583,"Pclass, Sex, Age"
DecisionTree,0.820627802690583,"Sex, SibSp, Fare, Embarked"
DecisionTree,0.820627802690583,"Pclass, Sex, SibSp, Parch, Fare, Embarked"
DecisionTree,0.820627802690583,"Sex, Age, SibSp, Parch, Fare, Embarked"
DecisionTree,0.8161434977578476,"Pclass, Sex, Age, Embarked"
DecisionTree,0.8161434977578476,"Sex, Age, SibSp, Fare, Embarked"
DecisionTree,0.8161434977578476,"Pclass, Sex, Age, SibSp, Fare, Embarked"
DecisionTree,0.8116591928251121,"Sex, SibSp"
DecisionTree,0.8116591928251121,"Sex, SibSp, Parch"
DecisionTree,0.8116591928251121,"Sex, SibSp, Parch, Embarked"
DecisionTree,0.8116591928251121,"Pclass, Sex, Age, Fare, Embarked"
DecisionTree,0.8116591928251121,"Pclass, Sex, SibSp, Parch, Embarked"
DecisionTree,0.8116591928251121,"Pclass, Sex, Parch, Fare, Embarked"
DecisionTree,0.8071748878923767,"Sex, Parch"
DecisionTree,0.8071748878923767,"Pclass, Sex, SibSp"
DecisionTree,0.8071748878923767,"Pclass, Sex, Age, SibSp"
DecisionTree,0.8071748878923767,"Pclass, Sex, Age, Parch, Fare"
DecisionTree,0.8071748878923767,"Pclass, Sex, Age, Parch, Fare, Embarked"
DecisionTree,0.8026905829596412,Sex
DecisionTree,0.8026905829596412,"Pclass, Sex"
DecisionTree,0.8026905829596412,"Sex, Embarked"
DecisionTree,0.8026905829596412,"Sex, Age, SibSp"
DecisionTree,0.8026905829596412,"Sex, SibSp, Embarked"
DecisionTree,0.8026905829596412,"Sex, Parch, Embarked"
DecisionTree,0.8026905829596412,"Pclass, Sex, Age, Parch"
DecisionTree,0.8026905829596412,"Sex, Age, SibSp, Fare"
DecisionTree,0.8026905829596412,"Sex, Age, SibSp, Parch, Fare"
DecisionTree,0.7982062780269058,"Pclass, Sex, SibSp, Embarked"
DecisionTree,0.7937219730941704,"Pclass, Sex, SibSp, Parch"
DecisionTree,0.7937219730941704,"Pclass, Sex, Age, SibSp, Embarked"
DecisionTree,0.7937219730941704,"Sex, Age, Parch, Fare, Embarked"
DecisionTree,0.7892376681614349,"Sex, Age"
DecisionTree,0.7892376681614349,"Sex, Age, SibSp, Parch"
DecisionTree,0.7892376681614349,"Pclass, Sex, Age, SibSp, Fare"
DecisionTree,0.7892376681614349,"Pclass, Sex, Age, SibSp, Parch, Fare"
DecisionTree,0.7847533632286996,"Pclass, Sex, Age, Fare"
DecisionTree,0.7847533632286996,"Sex, Age, Parch, Embarked"
DecisionTree,0.7847533632286996,"Pclass, Sex, Age, SibSp, Parch"
DecisionTree,0.7847533632286996,"Pclass, Sex, Age, Parch, Embarked"
DecisionTree,0.7847533632286996,"Pclass, Sex, Age, SibSp, Parch, Embarked"
DecisionTree,0.7802690582959642,"Sex, Age, Parch"
DecisionTree,0.7802690582959642,"Sex, Age, SibSp, Parch, Embarked"
DecisionTree,0.7757847533632287,"Sex, Age, Parch, Fare"
DecisionTree,0.7713004484304933,"Sex, Age, Fare, Embarked"
DecisionTree,0.7668161434977578,"Sex, Age, Fare"
DecisionTree,0.7623318385650224,"Pclass, Parch"
DecisionTree,0.7623318385650224,"Pclass, Parch, Embarked"
DecisionTree,0.7623318385650224,"Pclass, Age, SibSp, Parch, Fare, Embarked"
DecisionTree,0.757847533632287,"Pclass, Parch, Fare"
DecisionTree,0.757847533632287,"Pclass, Parch, Fare, Embarked"
DecisionTree,0.757847533632287,"Pclass, Age, SibSp, Fare, Embarked"
DecisionTree,0.7533632286995515,"Sex, Age, SibSp, Embarked"
DecisionTree,0.7443946188340808,"Parch, Fare"
DecisionTree,0.7443946188340808,"Pclass, SibSp, Parch, Embarked"
DecisionTree,0.7399103139013453,"Pclass, SibSp"
DecisionTree,0.7399103139013453,"Pclass, Age, Fare"
DecisionTree,0.7399103139013453,"Sex, Age, Embarked"
DecisionTree,0.7399103139013453,"Pclass, Age, Fare, Embarked"
DecisionTree,0.7399103139013453,"Age, SibSp, Parch, Fare"
DecisionTree,0.7354260089686099,"Pclass, Fare"
DecisionTree,0.7354260089686099,"Pclass, SibSp, Embarked"
DecisionTree,0.7354260089686099,"Pclass, Fare, Embarked"
DecisionTree,0.7354260089686099,"Pclass, SibSp, Parch, Fare"
DecisionTree,0.7309417040358744,Fare
DecisionTree,0.7309417040358744,"Pclass, Age, Parch, Fare"
DecisionTree,0.726457399103139,"Pclass, Embarked"
DecisionTree,0.726457399103139,"Pclass, SibSp, Fare"
DecisionTree,0.726457399103139,"Age, SibSp, Fare"
DecisionTree,0.726457399103139,"Parch, Fare, Embarked"
DecisionTree,0.726457399103139,"Pclass, SibSp, Parch, Fare, Embarked"
DecisionTree,0.7219730941704036,"SibSp, Fare"
DecisionTree,0.7219730941704036,"SibSp, Parch, Fare"
DecisionTree,0.7174887892376681,"Fare, Embarked"
DecisionTree,0.7174887892376681,"Pclass, Age, SibSp, Parch, Fare"
DecisionTree,0.7174887892376681,"Pclass, Age, Parch, Fare, Embarked"
DecisionTree,0.7130044843049327,"Pclass, SibSp, Parch"
DecisionTree,0.7130044843049327,"SibSp, Parch, Fare, Embarked"
DecisionTree,0.7085201793721974,"Pclass, SibSp, Fare, Embarked"
DecisionTree,0.7085201793721974,"Age, SibSp, Parch, Fare, Embarked"
DecisionTree,0.7040358744394619,"SibSp, Fare, Embarked"
DecisionTree,0.6995515695067265,"Pclass, Age, Parch, Embarked"
DecisionTree,0.695067264573991,"Age, Fare"
DecisionTree,0.695067264573991,"Age, Parch, Fare"
DecisionTree,0.695067264573991,"Pclass, Age, SibSp, Fare"
DecisionTree,0.695067264573991,"Age, SibSp, Fare, Embarked"
DecisionTree,0.6905829596412556,"Pclass, Age, Parch"
DecisionTree,0.6905829596412556,"SibSp, Parch, Embarked"
DecisionTree,0.6905829596412556,"Pclass, Age, SibSp, Parch, Embarked"
DecisionTree,0.6860986547085202,"Pclass, Age, Embarked"
DecisionTree,0.6816143497757847,"Pclass, Age, SibSp"
DecisionTree,0.6816143497757847,"Pclass, Age, SibSp, Parch"
DecisionTree,0.6771300448430493,Pclass
DecisionTree,0.6771300448430493,"Pclass, Age"
DecisionTree,0.672645739910314,"Age, SibSp, Parch, Embarked"
DecisionTree,0.6681614349775785,Age
DecisionTree,0.6681614349775785,"SibSp, Parch"
DecisionTree,0.6681614349775785,"SibSp, Embarked"
DecisionTree,0.6681614349775785,"Pclass, Age, SibSp, Embarked"
DecisionTree,0.6636771300448431,SibSp
DecisionTree,0.6636771300448431,Embarked
DecisionTree,0.6636771300448431,"Age, SibSp, Parch"
DecisionTree,0.6591928251121076,"Age, Parch"
DecisionTree,0.6591928251121076,"Age, Fare, Embarked"
DecisionTree,0.6502242152466368,Parch
DecisionTree,0.6502242152466368,"Age, SibSp, Embarked"
DecisionTree,0.6502242152466368,"Age, Parch, Fare, Embarked"
DecisionTree,0.6457399103139013,"Age, Embarked"
DecisionTree,0.6457399103139013,"Parch, Embarked"
DecisionTree,0.6457399103139013,"Age, Parch, Embarked"
DecisionTree,0.6412556053811659,"Age, SibSp"
ExtraTrees,0.8475336322869955,"Pclass, Sex, Age, Parch, Fare"
ExtraTrees,0.8430493273542601,"Pclass, Sex, Parch"
ExtraTrees,0.8385650224215246,"Pclass, Sex, Parch, Fare"
ExtraTrees,0.8385650224215246,"Pclass, Sex, Parch, Embarked"
ExtraTrees,0.8385650224215246,"Pclass, Sex, Age, SibSp, Fare"
ExtraTrees,0.8340807174887892,"Sex, Parch, Fare"
ExtraTrees,0.8340807174887892,"Pclass, Sex, Age, SibSp, Parch, Fare"
ExtraTrees,0.8295964125560538,"Sex, Fare"
ExtraTrees,0.8295964125560538,"Pclass, Sex, Age"
ExtraTrees,0.8295964125560538,"Pclass, Sex, Fare"
ExtraTrees,0.8295964125560538,"Sex, Fare, Embarked"
ExtraTrees,0.8295964125560538,"Pclass, Sex, Age, Fare"
ExtraTrees,0.8295964125560538,"Pclass, Sex, Age, SibSp, Fare, Embarked"
ExtraTrees,0.8295964125560538,"Pclass, Sex, Age, Parch, Fare, Embarked"
ExtraTrees,0.8251121076233184,"Pclass, Sex, Embarked"
ExtraTrees,0.8251121076233184,"Pclass, Sex, SibSp, Fare"
ExtraTrees,0.8251121076233184,"Pclass, Sex, Fare, Embarked"
ExtraTrees,0.820627802690583,"Pclass, Sex, Age, SibSp"
ExtraTrees,0.820627802690583,"Sex, Age, SibSp, Fare"
ExtraTrees,0.820627802690583,"Pclass, Sex, Age, Parch, Embarked"
ExtraTrees,0.820627802690583,"Pclass, Sex, SibSp, Parch, Fare"
ExtraTrees,0.820627802690583,"Pclass, Sex, Parch, Fare, Embarked"
ExtraTrees,0.820627802690583,"Sex, Age, SibSp, Parch, Fare"
ExtraTrees,0.820627802690583,"Sex, Age, SibSp, Parch, Fare, Embarked"
ExtraTrees,0.8161434977578476,"Sex, SibSp, Parch"
ExtraTrees,0.8161434977578476,"Pclass, Sex, Age, Embarked"
ExtraTrees,0.8161434977578476,"Sex, Parch, Fare, Embarked"
ExtraTrees,0.8161434977578476,"Pclass, Sex, Age, Fare, Embarked"
ExtraTrees,0.8116591928251121,"Sex, SibSp"
ExtraTrees,0.8116591928251121,"Sex, SibSp, Parch, Fare"
ExtraTrees,0.8116591928251121,"Sex, SibSp, Parch, Embarked"
ExtraTrees,0.8071748878923767,"Sex, Parch"
ExtraTrees,0.8071748878923767,"Pclass, Sex, SibSp"
ExtraTrees,0.8071748878923767,"Sex, Age, Fare"
ExtraTrees,0.8071748878923767,"Sex, SibSp, Fare"
ExtraTrees,0.8071748878923767,"Pclass, Sex, Age, SibSp, Parch"
ExtraTrees,0.8071748878923767,"Pclass, Sex, Age, SibSp, Embarked"
ExtraTrees,0.8071748878923767,"Pclass, Sex, SibSp, Parch, Embarked"
ExtraTrees,0.8071748878923767,"Pclass, Sex, SibSp, Fare, Embarked"
ExtraTrees,0.8026905829596412,Sex
ExtraTrees,0.8026905829596412,"Pclass, Sex"
ExtraTrees,0.8026905829596412,"Sex, Embarked"
ExtraTrees,0.8026905829596412,"Sex, Age, SibSp"
ExtraTrees,0.8026905829596412,"Sex, Age, Parch"
ExtraTrees,0.8026905829596412,"Sex, SibSp, Embarked"
ExtraTrees,0.8026905829596412,"Sex, Parch, Embarked"
ExtraTrees,0.8026905829596412,"Sex, Age, SibSp, Fare, Embarked"
ExtraTrees,0.8026905829596412,"Sex, Age, Parch, Fare, Embarked"
ExtraTrees,0.8026905829596412,"Pclass, Sex, Age, SibSp, Parch, Fare, Embarked"
ExtraTrees,0.7982062780269058,"Pclass, Sex, SibSp, Embarked"
ExtraTrees,0.7982062780269058,"Sex, Age, SibSp, Parch"
ExtraTrees,0.7982062780269058,"Sex, Age, Parch, Fare"
ExtraTrees,0.7937219730941704,"Pclass, Sex, Age, Parch"
ExtraTrees,0.7937219730941704,"Pclass, Sex, SibSp, Parch"
ExtraTrees,0.7937219730941704,"Pclass, Sex, Age, SibSp, Parch, Embarked"
ExtraTrees,0.7892376681614349,"Sex, Age"
ExtraTrees,0.7892376681614349,"Pclass, Sex, SibSp, Parch, Fare, Embarked"
ExtraTrees,0.7847533632286996,"Sex, Age, Parch, Embarked"
ExtraTrees,0.7847533632286996,"Sex, SibSp, Fare, Embarked"
ExtraTrees,0.7847533632286996,"Sex, SibSp, Parch, Fare, Embarked"
ExtraTrees,0.7802690582959642,"Sex, Age, Fare, Embarked"
ExtraTrees,0.7757847533632287,"Sex, Age, SibSp, Parch, Embarked"
ExtraTrees,0.7713004484304933,"Pclass, Age, Fare"
ExtraTrees,0.7713004484304933,"Pclass, Age, SibSp, Parch, Fare"
ExtraTrees,0.7668161434977578,"Pclass, Age, Parch, Fare"
ExtraTrees,0.7668161434977578,"Sex, Age, SibSp, Embarked"
ExtraTrees,0.7623318385650224,"Pclass, Parch"
ExtraTrees,0.7623318385650224,"Pclass, Parch, Embarked"
ExtraTrees,0.757847533632287,"Pclass, Parch, Fare"
ExtraTrees,0.7533632286995515,"Pclass, Age, SibSp, Fare"
ExtraTrees,0.7488789237668162,"Age, SibSp, Parch, Fare"
ExtraTrees,0.7443946188340808,"Sex, Age, Embarked"
ExtraTrees,0.7443946188340808,"Pclass, SibSp, Parch, Embarked"
ExtraTrees,0.7443946188340808,"Pclass, Parch, Fare, Embarked"
ExtraTrees,0.7399103139013453,"Pclass, SibSp"
ExtraTrees,0.7399103139013453,"Pclass, Age, Parch, Fare, Embarked"
ExtraTrees,0.7354260089686099,"Pclass, Fare"
ExtraTrees,0.7354260089686099,"Pclass, SibSp, Embarked"
ExtraTrees,0.7354260089686099,"Pclass, Age, Fare, Embarked"
ExtraTrees,0.7354260089686099,"Pclass, Age, SibSp, Parch, Fare, Embarked"
ExtraTrees,0.726457399103139,Fare
ExtraTrees,0.726457399103139,"Pclass, Embarked"
ExtraTrees,0.726457399103139,"Age, SibSp, Fare"
ExtraTrees,0.726457399103139,"Pclass, SibSp, Parch, Fare"
ExtraTrees,0.7219730941704036,"Age, Fare"
ExtraTrees,0.7219730941704036,"Parch, Fare"
ExtraTrees,0.7219730941704036,"Pclass, SibSp, Fare"
ExtraTrees,0.7219730941704036,"Pclass, Fare, Embarked"
ExtraTrees,0.7219730941704036,"Pclass, Age, SibSp, Fare, Embarked"
ExtraTrees,0.7219730941704036,"Age, SibSp, Parch, Fare, Embarked"
ExtraTrees,0.7174887892376681,"SibSp, Fare"
ExtraTrees,0.7174887892376681,"Pclass, SibSp, Parch, Fare, Embarked"
ExtraTrees,0.7130044843049327,"Fare, Embarked"
ExtraTrees,0.7130044843049327,"Pclass, Age, Parch"
ExtraTrees,0.7130044843049327,"Pclass, SibSp, Parch"
ExtraTrees,0.7130044843049327,"Pclass, Age, SibSp, Parch"
ExtraTrees,0.7085201793721974,"Parch, Fare, Embarked"
ExtraTrees,0.7085201793721974,"Age, SibSp, Fare, Embarked"
ExtraTrees,0.7040358744394619,"Pclass, Age, SibSp"
ExtraTrees,0.7040358744394619,"SibSp, Parch, Fare"
ExtraTrees,0.7040358744394619,"Pclass, SibSp, Fare, Embarked"
ExtraTrees,0.695067264573991,"Pclass, Age"
ExtraTrees,0.695067264573991,"Age, Parch, Fare"
ExtraTrees,0.695067264573991,"Age, Fare, Embarked"
ExtraTrees,0.695067264573991,"Pclass, Age, SibSp, Embarked"
ExtraTrees,0.695067264573991,"Age, SibSp, Parch, Embarked"
ExtraTrees,0.695067264573991,"Pclass, Age, SibSp, Parch, Embarked"
ExtraTrees,0.6905829596412556,"SibSp, Parch, Embarked"
ExtraTrees,0.6905829596412556,"SibSp, Fare, Embarked"
ExtraTrees,0.6905829596412556,"SibSp, Parch, Fare, Embarked"
ExtraTrees,0.6860986547085202,"Pclass, Age, Parch, Embarked"
ExtraTrees,0.6771300448430493,Pclass
ExtraTrees,0.6771300448430493,"Age, SibSp, Parch"
ExtraTrees,0.672645739910314,"Pclass, Age, Embarked"
ExtraTrees,0.6681614349775785,"SibSp, Parch"
ExtraTrees,0.6681614349775785,"SibSp, Embarked"
ExtraTrees,0.6681614349775785,"Age, Parch, Fare, Embarked"
ExtraTrees,0.6636771300448431,Age
ExtraTrees,0.6636771300448431,SibSp
ExtraTrees,0.6636771300448431,Embarked
ExtraTrees,0.6591928251121076,"Age, Parch"
ExtraTrees,0.6547085201793722,"Age, Parch, Embarked"
ExtraTrees,0.6502242152466368,Parch
ExtraTrees,0.6502242152466368,"Age, SibSp, Embarked"
ExtraTrees,0.6457399103139013,"Age, SibSp"
ExtraTrees,0.6457399103139013,"Parch, Embarked"
ExtraTrees,0.6412556053811659,"Age, Embarked"
GradientBoosting,0.8565022421524664,"Pclass, Sex, Age, Parch, Fare"
GradientBoosting,0.8565022421524664,"Pclass, Sex, Age, Parch, Fare, Embarked"
GradientBoosting,0.852017937219731,"Pclass, Sex, Age, SibSp, Parch, Fare"
GradientBoosting,0.8475336322869955,"Pclass, Sex, Age, Fare"
GradientBoosting,0.8475336322869955,"Sex, Age, SibSp, Fare"
GradientBoosting,0.8475336322869955,"Pclass, Sex, Age, Fare, Embarked"
GradientBoosting,0.8475336322869955,"Sex, Age, SibSp, Parch, Fare"
GradientBoosting,0.8475336322869955,"Sex, Age, SibSp, Parch, Fare, Embarked"
GradientBoosting,0.8430493273542601,"Pclass, Sex, Parch"
GradientBoosting,0.8430493273542601,"Pclass, Sex, Age, SibSp, Fare"
GradientBoosting,0.8385650224215246,"Sex, Age, Parch, Fare"
GradientBoosting,0.8385650224215246,"Sex, Age, Fare, Embarked"
GradientBoosting,0.8340807174887892,"Pclass, Sex, Fare"
GradientBoosting,0.8340807174887892,"Pclass, Sex, Age, SibSp, Parch"
GradientBoosting,0.8340807174887892,"Pclass, Sex, SibSp, Parch, Fare"
GradientBoosting,0.8340807174887892,"Sex, Age, SibSp, Parch, Embarked"
GradientBoosting,0.8340807174887892,"Sex, Age, Parch, Fare, Embarked"
GradientBoosting,0.8340807174887892,"Pclass, Sex, Age, SibSp, Parch, Fare, Embarked"
GradientBoosting,0.8295964125560538,"Sex, Age, SibSp"
GradientBoosting,0.8295964125560538,"Pclass, Sex, Age, SibSp"
GradientBoosting,0.8295964125560538,"Sex, Age, SibSp, Parch"
GradientBoosting,0.8295964125560538,"Sex, SibSp, Parch, Fare"
GradientBoosting,0.8295964125560538,"Pclass, Sex, Age, Parch, Embarked"
GradientBoosting,0.8295964125560538,"Pclass, Sex, SibSp, Fare, Embarked"
GradientBoosting,0.8295964125560538,"Pclass, Sex, Parch, Fare, Embarked"
GradientBoosting,0.8295964125560538,"Sex, Age, SibSp, Fare, Embarked"
GradientBoosting,0.8295964125560538,"Pclass, Sex, Age, SibSp, Fare, Embarked"
GradientBoosting,0.8251121076233184,"Pclass, Sex, Embarked"
GradientBoosting,0.8251121076233184,"Pclass, Sex, Age, Parch"
GradientBoosting,0.8251121076233184,"Pclass, Sex, SibSp, Fare"
GradientBoosting,0.8251121076233184,"Pclass, Sex, Parch, Fare"
GradientBoosting,0.8251121076233184,"Pclass, Sex, Parch, Embarked"
GradientBoosting,0.8251121076233184,"Sex, Age, SibSp, Embarked"
GradientBoosting,0.8251121076233184,"Sex, SibSp, Fare, Embarked"
GradientBoosting,0.8251121076233184,"Pclass, Sex, Age, SibSp, Parch, Embarked"
GradientBoosting,0.820627802690583,"Sex, Age, Fare"
GradientBoosting,0.820627802690583,"Sex, SibSp, Parch"
GradientBoosting,0.820627802690583,"Sex, Fare, Embarked"
GradientBoosting,0.820627802690583,"Pclass, Sex, Age, Embarked"
GradientBoosting,0.820627802690583,"Pclass, Sex, Fare, Embarked"
GradientBoosting,0.820627802690583,"Pclass, Sex, SibSp, Parch, Fare, Embarked"
GradientBoosting,0.8161434977578476,"Pclass, Sex, Age, SibSp, Embarked"
GradientBoosting,0.8161434977578476,"Sex, SibSp, Parch, Fare, Embarked"
GradientBoosting,0.8116591928251121,"Sex, SibSp"
GradientBoosting,0.8116591928251121,"Sex, SibSp, Fare"
GradientBoosting,0.8116591928251121,"Sex, Parch, Embarked"
GradientBoosting,0.8116591928251121,"Sex, SibSp, Parch, Embarked"
GradientBoosting,0.8116591928251121,"Sex, Parch, Fare, Embarked"
GradientBoosting,0.8071748878923767,"Sex, Parch"
GradientBoosting,0.8071748878923767,"Pclass, Sex, Age"
GradientBoosting,0.8071748878923767,"Pclass, Sex, SibSp"
GradientBoosting,0.8026905829596412,Sex
GradientBoosting,0.8026905829596412,"Pclass, Sex"
GradientBoosting,0.8026905829596412,"Sex, Embarked"
GradientBoosting,0.8026905829596412,"Sex, Age, Parch"
GradientBoosting,0.8026905829596412,"Sex, SibSp, Embarked"
GradientBoosting,0.8026905829596412,"Pclass, Sex, SibSp, Parch"
GradientBoosting,0.7982062780269058,"Sex, Age"
GradientBoosting,0.7982062780269058,"Sex, Fare"
GradientBoosting,0.7982062780269058,"Pclass, Sex, SibSp, Embarked"
GradientBoosting,0.7937219730941704,"Sex, Parch, Fare"
GradientBoosting,0.7937219730941704,"Sex, Age, Parch, Embarked"
GradientBoosting,0.7937219730941704,"Pclass, Sex, SibSp, Parch, Embarked"
GradientBoosting,0.7847533632286996,"Sex, Age, Embarked"
GradientBoosting,0.7713004484304933,"Pclass, Age, Parch, Fare, Embarked"
GradientBoosting,0.7713004484304933,"Pclass, Age, SibSp, Parch, Fare, Embarked"
GradientBoosting,0.7623318385650224,"Pclass, Parch"
GradientBoosting,0.757847533632287,Fare
GradientBoosting,0.757847533632287,"Pclass, Fare"
GradientBoosting,0.757847533632287,"Pclass, Parch, Fare"
GradientBoosting,0.757847533632287,"Pclass, Parch, Embarked"
GradientBoosting,0.757847533632287,"Pclass, Age, SibSp, Parch, Fare"
GradientBoosting,0.7533632286995515,"Pclass, Age, Parch"
GradientBoosting,0.7533632286995515,"Pclass, SibSp, Fare"
GradientBoosting,0.7533632286995515,"Pclass, Age, Parch, Fare"
GradientBoosting,0.7533632286995515,"Pclass, SibSp, Parch, Embarked"
GradientBoosting,0.7488789237668162,"Pclass, Age, Fare"
GradientBoosting,0.7488789237668162,"Pclass, Parch, Fare, Embarked"
GradientBoosting,0.7488789237668162,"Age, SibSp, Fare, Embarked"
GradientBoosting,0.7488789237668162,"Pclass, Age, SibSp, Parch, Embarked"
GradientBoosting,0.7488789237668162,"Pclass, Age, SibSp, Fare, Embarked"
GradientBoosting,0.7443946188340808,"Parch, Fare, Embarked"
GradientBoosting,0.7443946188340808,"Pclass, Age, SibSp, Parch"
GradientBoosting,0.7443946188340808,"Pclass, Age, SibSp, Fare"
GradientBoosting,0.7443946188340808,"Pclass, SibSp, Parch, Fare"
GradientBoosting,0.7443946188340808,"Pclass, SibSp, Fare, Embarked"
GradientBoosting,0.7443946188340808,"SibSp, Parch, Fare, Embarked"
GradientBoosting,0.7399103139013453,"Pclass, SibSp"
GradientBoosting,0.7399103139013453,"Fare, Embarked"
GradientBoosting,0.7399103139013453,"Pclass, SibSp, Parch"
GradientBoosting,0.7399103139013453,"Age, SibSp, Fare"
GradientBoosting,0.7399103139013453,"SibSp, Parch, Fare"
GradientBoosting,0.7399103139013453,"Pclass, Age, Parch, Embarked"
GradientBoosting,0.7399103139013453,"Pclass, Age, Fare, Embarked"
GradientBoosting,0.7399103139013453,"Age, SibSp, Parch, Fare"
GradientBoosting,0.7399103139013453,"Pclass, SibSp, Parch, Fare, Embarked"
GradientBoosting,0.7354260089686099,"Pclass, Fare, Embarked"
GradientBoosting,0.7354260089686099,"SibSp, Fare, Embarked"
GradientBoosting,0.7309417040358744,"SibSp, Fare"
GradientBoosting,0.7309417040358744,"Pclass, Age, SibSp, Embarked"
GradientBoosting,0.726457399103139,"Pclass, SibSp, Embarked"
GradientBoosting,0.726457399103139,"Age, Fare, Embarked"
GradientBoosting,0.726457399103139,"Age, SibSp, Parch, Fare, Embarked"
GradientBoosting,0.7219730941704036,"Parch, Fare"
GradientBoosting,0.7174887892376681,"Pclass, Age"
GradientBoosting,0.7130044843049327,"Age, Fare"
GradientBoosting,0.7130044843049327,"Pclass, Age, SibSp"
GradientBoosting,0.7130044843049327,"Age, Parch, Fare"
GradientBoosting,0.7130044843049327,"Age, Parch, Fare, Embarked"
GradientBoosting,0.7040358744394619,"Pclass, Age, Embarked"
GradientBoosting,0.6995515695067265,"SibSp, Parch, Embarked"
GradientBoosting,0.695067264573991,"Age, SibSp, Parch, Embarked"
GradientBoosting,0.6771300448430493,Pclass
GradientBoosting,0.6771300448430493,"Pclass, Embarked"
GradientBoosting,0.672645739910314,"SibSp, Parch"
GradientBoosting,0.6681614349775785,Age
GradientBoosting,0.6681614349775785,"Age, Embarked"
GradientBoosting,0.6681614349775785,"SibSp, Embarked"
GradientBoosting,0.6681614349775785,"Age, SibSp, Parch"
GradientBoosting,0.6636771300448431,SibSp
GradientBoosting,0.6636771300448431,Embarked
GradientBoosting,0.6636771300448431,"Age, SibSp, Embarked"
GradientBoosting,0.6591928251121076,"Age, SibSp"
GradientBoosting,0.6547085201793722,Parch
GradientBoosting,0.6502242152466368,"Age, Parch, Embarked"
GradientBoosting,0.6457399103139013,"Parch, Embarked"
GradientBoosting,0.6322869955156951,"Age, Parch"
KNN,0.8565022421524664,"Pclass, Sex, Parch"
KNN,0.852017937219731,"Sex, Age, SibSp, Parch, Embarked"
KNN,0.8475336322869955,"Pclass, Sex, Parch, Fare"
KNN,0.8475336322869955,"Pclass, Sex, Age, SibSp, Parch"
KNN,0.8430493273542601,"Pclass, Sex, Fare"
KNN,0.8430493273542601,"Pclass, Sex, Age, Parch"
KNN,0.8430493273542601,"Pclass, Sex, Age, SibSp, Parch, Fare"
KNN,0.8430493273542601,"Pclass, Sex, Age, SibSp, Fare, Embarked"
KNN,0.8385650224215246,"Sex, Age, SibSp, Embarked"
KNN,0.8385650224215246,"Sex, SibSp, Parch, Fare"
KNN,0.8385650224215246,"Sex, Age, SibSp, Parch, Fare, Embarked"
KNN,0.8340807174887892,"Pclass, Sex, Age"
KNN,0.8340807174887892,"Sex, Parch, Fare"
KNN,0.8340807174887892,"Pclass, Sex, Age, SibSp"
KNN,0.8340807174887892,"Sex, Age, SibSp, Parch"
KNN,0.8340807174887892,"Pclass, Sex, Age, SibSp, Fare"
KNN,0.8295964125560538,"Pclass, Sex, Age, Parch, Fare"
KNN,0.8295964125560538,"Pclass, Sex, Age, SibSp, Parch, Fare, Embarked"
KNN,0.8251121076233184,"Pclass, Sex, Embarked"
KNN,0.8251121076233184,"Pclass, Sex, Age, Parch, Embarked"
KNN,0.8251121076233184,"Pclass, Sex, Age, SibSp, Parch, Embarked"
KNN,0.820627802690583,"Pclass, Sex, Age, Fare"
KNN,0.820627802690583,"Pclass, Sex, SibSp, Embarked"
KNN,0.820627802690583,"Pclass, Sex, Age, SibSp, Embarked"
KNN,0.820627802690583,"Pclass, Sex, SibSp, Parch, Fare"
KNN,0.820627802690583,"Sex, Age, SibSp, Fare, Embarked"
KNN,0.8161434977578476,"Sex, Age, SibSp"
KNN,0.8161434977578476,"Sex, Age, Parch"
KNN,0.8161434977578476,"Pclass, Sex, Age, Embarked"
KNN,0.8161434977578476,"Pclass, Sex, Fare, Embarked"
KNN,0.8161434977578476,"Sex, Age, SibSp, Fare"
KNN,0.8161434977578476,"Sex, Age, Parch, Embarked"
KNN,0.8161434977578476,"Pclass, Sex, Age, Fare, Embarked"
KNN,0.8161434977578476,"Pclass, Sex, SibSp, Parch, Embarked"
KNN,0.8161434977578476,"Pclass, Sex, Parch, Fare, Embarked"
KNN,0.8161434977578476,"Sex, Age, SibSp, Parch, Fare"
KNN,0.8116591928251121,"Sex, SibSp, Embarked"
KNN,0.8116591928251121,"Pclass, Sex, SibSp, Parch"
KNN,0.8071748878923767,"Sex, SibSp"
KNN,0.8071748878923767,"Sex, Fare"
KNN,0.8071748878923767,"Pclass, Sex, SibSp"
KNN,0.8071748878923767,"Sex, SibSp, Parch"
KNN,0.8071748878923767,"Sex, SibSp, Fare, Embarked"
KNN,0.8071748878923767,"Sex, SibSp, Parch, Fare, Embarked"
KNN,0.8071748878923767,"Pclass, Sex, Age, Parch, Fare, Embarked"
KNN,0.8071748878923767,"Pclass, Sex, SibSp, Parch, Fare, Embarked"
KNN,0.8026905829596412,Sex
KNN,0.8026905829596412,"Pclass, Sex"
KNN,0.8026905829596412,"Sex, Embarked"
KNN,0.8026905829596412,"Sex, SibSp, Fare"
KNN,0.8026905829596412,"Pclass, Sex, SibSp, Fare"
KNN,0.8026905829596412,"Sex, SibSp, Parch, Embarked"
KNN,0.8026905829596412,"Pclass, Sex, SibSp, Fare, Embarked"
KNN,0.7982062780269058,"Sex, Age, Embarked"
KNN,0.7982062780269058,"Sex, Age, Parch, Fare"
KNN,0.7937219730941704,"Pclass, Sex, Parch, Embarked"
KNN,0.7892376681614349,"Sex, Age, Fare, Embarked"
KNN,0.7892376681614349,"Sex, Parch, Fare, Embarked"
KNN,0.7892376681614349,"Sex, Age, Parch, Fare, Embarked"
KNN,0.7847533632286996,"Sex, Age"
KNN,0.7847533632286996,"Sex, Parch"
KNN,0.7847533632286996,"Sex, Fare, Embarked"
KNN,0.7802690582959642,"Sex, Parch, Embarked"
KNN,0.7757847533632287,"Sex, Age, Fare"
KNN,0.7533632286995515,"Pclass, Age, Parch, Fare"
KNN,0.7533632286995515,"Age, SibSp, Parch, Fare"
KNN,0.7533632286995515,"Pclass, Age, SibSp, Parch, Embarked"
KNN,0.7443946188340808,"Pclass, SibSp"
KNN,0.7399103139013453,"Age, SibSp, Fare, Embarked"
KNN,0.7354260089686099,"Age, SibSp, Parch, Fare, Embarked"
KNN,0.7309417040358744,"Pclass, Age"
KNN,0.7309417040358744,"Pclass, Age, Fare"
KNN,0.7309417040358744,"Age, SibSp, Fare"
KNN,0.7309417040358744,"Pclass, Age, Fare, Embarked"
KNN,0.726457399103139,"Age, Fare"
KNN,0.726457399103139,"Pclass, Age, SibSp, Embarked"
KNN,0.726457399103139,"Pclass, SibSp, Parch, Embarked"
KNN,0.726457399103139,"Pclass, Age, SibSp, Fare, Embarked"
KNN,0.726457399103139,"Pclass, Age, Parch, Fare, Embarked"
KNN,0.726457399103139,"Pclass, Age, SibSp, Parch, Fare, Embarked"
KNN,0.7219730941704036,"Pclass, Age, SibSp, Fare"
KNN,0.7174887892376681,"Age, Parch, Fare, Embarked"
KNN,0.7130044843049327,"Pclass, Age, Embarked"
KNN,0.7130044843049327,"Pclass, Age, SibSp, Parch"
KNN,0.7130044843049327,"Pclass, Age, Parch, Embarked"
KNN,0.7130044843049327,"Pclass, Parch, Fare, Embarked"
KNN,0.7130044843049327,"Pclass, Age, SibSp, Parch, Fare"
KNN,0.7085201793721974,"Pclass, Parch, Fare"
KNN,0.7085201793721974,"Age, Parch, Fare"
KNN,0.7085201793721974,"Age, Fare, Embarked"
KNN,0.7040358744394619,"Pclass, Fare"
KNN,0.7040358744394619,"Pclass, Age, SibSp"
KNN,0.7040358744394619,"Pclass, Age, Parch"
KNN,0.7040358744394619,"Pclass, SibSp, Parch"
KNN,0.7040358744394619,"Pclass, SibSp, Parch, Fare, Embarked"
KNN,0.6995515695067265,"Pclass, SibSp, Parch, Fare"
KNN,0.695067264573991,"Fare, Embarked"
KNN,0.695067264573991,"Pclass, Fare, Embarked"
KNN,0.6905829596412556,Parch
KNN,0.6905829596412556,"Parch, Fare, Embarked"
KNN,0.6860986547085202,"SibSp, Parch, Fare"
KNN,0.6771300448430493,Pclass
KNN,0.6771300448430493,Fare
KNN,0.6771300448430493,"SibSp, Parch"
KNN,0.6771300448430493,"SibSp, Parch, Embarked"
KNN,0.6771300448430493,"SibSp, Parch, Fare, Embarked"
KNN,0.672645739910314,Embarked
KNN,0.6681614349775785,"Pclass, SibSp, Fare, Embarked"
KNN,0.6636771300448431,"Age, SibSp, Parch, Embarked"
KNN,0.6591928251121076,"Pclass, SibSp, Embarked"
KNN,0.6591928251121076,"Pclass, Parch, Embarked"
KNN,0.6502242152466368,"Parch, Embarked"
KNN,0.6502242152466368,"Age, SibSp, Embarked"
KNN,0.6502242152466368,"SibSp, Fare, Embarked"
KNN,0.6457399103139013,SibSp
KNN,0.6457399103139013,"Age, SibSp"
KNN,0.6457399103139013,"Pclass, SibSp, Fare"
KNN,0.6457399103139013,"Age, SibSp, Parch"
KNN,0.6412556053811659,"Parch, Fare"
KNN,0.6367713004484304,"SibSp, Embarked"
KNN,0.6322869955156951,"Pclass, Parch"
KNN,0.6233183856502242,"SibSp, Fare"
KNN,0.6098654708520179,"Age, Embarked"
KNN,0.600896860986547,Age
KNN,0.5964125560538116,"Pclass, Embarked"
KNN,0.5874439461883408,"Age, Parch, Embarked"
KNN,0.547085201793722,"Age, Parch"
LightGBM,0.874439461883408,"Pclass, Sex, Age, Parch, Fare"
LightGBM,0.8654708520179372,"Pclass, Sex, Age, Fare"
LightGBM,0.8654708520179372,"Pclass, Sex, Age, Parch, Fare, Embarked"
LightGBM,0.8565022421524664,"Sex, Age, SibSp, Fare"
LightGBM,0.8565022421524664,"Pclass, Sex, Age, SibSp, Parch, Fare"
LightGBM,0.852017937219731,"Pclass, Sex, Age, Fare, Embarked"
LightGBM,0.8475336322869955,"Pclass, Sex, Age, SibSp, Fare"
LightGBM,0.8475336322869955,"Sex, Age, SibSp, Parch, Fare"
LightGBM,0.8475336322869955,"Pclass, Sex, Age, SibSp, Fare, Embarked"
LightGBM,0.8430493273542601,"Pclass, Sex, Parch"
LightGBM,0.8430493273542601,"Pclass, Sex, Fare, Embarked"
LightGBM,0.8430493273542601,"Sex, Age, SibSp, Fare, Embarked"
LightGBM,0.8430493273542601,"Sex, Age, SibSp, Parch, Fare, Embarked"
LightGBM,0.8385650224215246,"Pclass, Sex, Fare"
LightGBM,0.8385650224215246,"Sex, Fare, Embarked"
LightGBM,0.8385650224215246,"Pclass, Sex, Parch, Fare"
LightGBM,0.8385650224215246,"Pclass, Sex, SibSp, Parch, Fare"
LightGBM,0.8385650224215246,"Sex, SibSp, Parch, Fare, Embarked"
LightGBM,0.8340807174887892,"Pclass, Sex, Parch, Embarked"
LightGBM,0.8340807174887892,"Sex, Age, Parch, Fare"
LightGBM,0.8340807174887892,"Sex, SibSp, Fare, Embarked"
LightGBM,0.8295964125560538,"Sex, Age, Fare"
LightGBM,0.8295964125560538,"Pclass, Sex, Age, Parch"
LightGBM,0.8295964125560538,"Pclass, Sex, SibSp, Fare"
LightGBM,0.8295964125560538,"Sex, SibSp, Parch, Fare"
LightGBM,0.8295964125560538,"Pclass, Sex, SibSp, Parch, Fare, Embarked"
LightGBM,0.8295964125560538,"Pclass, Sex, Age, SibSp, Parch, Fare, Embarked"
LightGBM,0.8251121076233184,"Sex, Fare"
LightGBM,0.8251121076233184,"Pclass, Sex, Age"
LightGBM,0.8251121076233184,"Pclass, Sex, Embarked"
LightGBM,0.8251121076233184,"Sex, SibSp, Fare"
LightGBM,0.8251121076233184,"Sex, Parch, Fare, Embarked"
LightGBM,0.8251121076233184,"Pclass, Sex, Age, Parch, Embarked"
LightGBM,0.8251121076233184,"Pclass, Sex, Parch, Fare, Embarked"
LightGBM,0.820627802690583,"Sex, Parch, Fare"
LightGBM,0.820627802690583,"Sex, Age, Fare, Embarked"
LightGBM,0.820627802690583,"Pclass, Sex, SibSp, Fare, Embarked"
LightGBM,0.820627802690583,"Sex, Age, SibSp, Parch, Embarked"
LightGBM,0.820627802690583,"Sex, Age, Parch, Fare, Embarked"
LightGBM,0.8161434977578476,"Sex, SibSp, Parch"
LightGBM,0.8161434977578476,"Sex, Age, SibSp, Parch"
LightGBM,0.8161434977578476,"Sex, SibSp, Parch, Embarked"
LightGBM,0.8161434977578476,"Pclass, Sex, Age, SibSp, Embarked"
LightGBM,0.8116591928251121,"Sex, SibSp"
LightGBM,0.8116591928251121,"Sex, Age, SibSp"
LightGBM,0.8116591928251121,"Pclass, Sex, Age, Embarked"
LightGBM,0.8071748878923767,"Sex, Parch"
LightGBM,0.8071748878923767,"Pclass, Sex, SibSp"
LightGBM,0.8071748878923767,"Sex, Parch, Embarked"
LightGBM,0.8071748878923767,"Sex, Age, SibSp, Embarked"
LightGBM,0.8071748878923767,"Pclass, Sex, Age, SibSp, Parch"
LightGBM,0.8026905829596412,Sex
LightGBM,0.8026905829596412,"Pclass, Sex"
LightGBM,0.8026905829596412,"Sex, Embarked"
LightGBM,0.8026905829596412,"Sex, SibSp, Embarked"
LightGBM,0.8026905829596412,"Pclass, Sex, Age, SibSp"
LightGBM,0.8026905829596412,"Pclass, Sex, SibSp, Parch, Embarked"
LightGBM,0.8026905829596412,"Pclass, Sex, Age, SibSp, Parch, Embarked"
LightGBM,0.7982062780269058,"Sex, Age"
LightGBM,0.7982062780269058,"Sex, Age, Parch"
LightGBM,0.7982062780269058,"Pclass, Sex, SibSp, Embarked"
LightGBM,0.7937219730941704,"Pclass, Sex, SibSp, Parch"
LightGBM,0.7892376681614349,"Sex, Age, Parch, Embarked"
LightGBM,0.7757847533632287,"Sex, Age, Embarked"
LightGBM,0.7713004484304933,"Pclass, Age, Parch, Fare, Embarked"
LightGBM,0.7623318385650224,"Pclass, Parch"
LightGBM,0.7623318385650224,"Pclass, Parch, Fare"
LightGBM,0.7623318385650224,"Pclass, Parch, Embarked"
LightGBM,0.757847533632287,"Pclass, Fare, Embarked"
LightGBM,0.757847533632287,"Pclass, Parch, Fare, Embarked"
LightGBM,0.757847533632287,"Pclass, Age, SibSp, Parch, Fare"
LightGBM,0.757847533632287,"Pclass, Age, SibSp, Parch, Fare, Embarked"
LightGBM,0.7533632286995515,"Pclass, SibSp, Fare, Embarked"
LightGBM,0.7533632286995515,"Pclass, Age, SibSp, Parch, Embarked"
LightGBM,0.7488789237668162,"Pclass, Fare"
LightGBM,0.7488789237668162,"Pclass, Age, SibSp, Fare"
LightGBM,0.7488789237668162,"Pclass, Age, Parch, Embarked"
LightGBM,0.7488789237668162,"Pclass, Age, Fare, Embarked"
LightGBM,0.7488789237668162,"Pclass, SibSp, Parch, Fare"
LightGBM,0.7488789237668162,"Age, SibSp, Fare, Embarked"
LightGBM,0.7488789237668162,"Age, SibSp, Parch, Fare, Embarked"
LightGBM,0.7443946188340808,"Parch, Fare, Embarked"
LightGBM,0.7443946188340808,"Pclass, Age, Parch, Fare"
LightGBM,0.7443946188340808,"Pclass, SibSp, Parch, Embarked"
LightGBM,0.7399103139013453,"Pclass, SibSp"
LightGBM,0.7399103139013453,"Fare, Embarked"
LightGBM,0.7399103139013453,"Pclass, Age, SibSp, Parch"
LightGBM,0.7399103139013453,"Pclass, Age, SibSp, Embarked"
LightGBM,0.7354260089686099,Fare
LightGBM,0.7354260089686099,"Pclass, SibSp, Parch, Fare, Embarked"
LightGBM,0.7309417040358744,"Pclass, Age"
LightGBM,0.7309417040358744,"Pclass, Age, Fare"
LightGBM,0.7309417040358744,"Pclass, SibSp, Fare"
LightGBM,0.7309417040358744,"SibSp, Fare, Embarked"
LightGBM,0.7309417040358744,"SibSp, Parch, Fare, Embarked"
LightGBM,0.7309417040358744,"Pclass, Age, SibSp, Fare, Embarked"
LightGBM,0.726457399103139,"Pclass, Embarked"
LightGBM,0.726457399103139,"Pclass, Age, Parch"
LightGBM,0.726457399103139,"Pclass, SibSp, Embarked"
LightGBM,0.726457399103139,"Age, SibSp, Fare"
LightGBM,0.726457399103139,"SibSp, Parch, Fare"
LightGBM,0.7219730941704036,"SibSp, Fare"
LightGBM,0.7219730941704036,"Age, SibSp, Parch, Fare"
LightGBM,0.7174887892376681,"Parch, Fare"
LightGBM,0.7174887892376681,"Pclass, Age, Embarked"
LightGBM,0.7174887892376681,"Pclass, SibSp, Parch"
LightGBM,0.7130044843049327,"Age, Fare"
LightGBM,0.7130044843049327,"Pclass, Age, SibSp"
LightGBM,0.7130044843049327,"Age, Fare, Embarked"
LightGBM,0.7040358744394619,"Age, Parch, Fare"
LightGBM,0.7040358744394619,"Age, Parch, Fare, Embarked"
LightGBM,0.6995515695067265,"Age, SibSp, Parch"
LightGBM,0.6995515695067265,"Age, SibSp, Parch, Embarked"
LightGBM,0.6905829596412556,"SibSp, Parch, Embarked"
LightGBM,0.6771300448430493,Pclass
LightGBM,0.6771300448430493,"Age, Parch, Embarked"
LightGBM,0.672645739910314,Age
LightGBM,0.6681614349775785,"Age, Parch"
LightGBM,0.6681614349775785,"Age, Embarked"
LightGBM,0.6681614349775785,"SibSp, Parch"
LightGBM,0.6681614349775785,"SibSp, Embarked"
LightGBM,0.6681614349775785,"Age, SibSp, Embarked"
LightGBM,0.6636771300448431,SibSp
LightGBM,0.6636771300448431,Embarked
LightGBM,0.6502242152466368,Parch
LightGBM,0.6502242152466368,"Age, SibSp"
LightGBM,0.6457399103139013,"Parch, Embarked"
Logistic Regression,0.8161434977578476,"Pclass, Sex, Age, SibSp, Embarked"
Logistic Regression,0.8161434977578476,"Pclass, Sex, Age, SibSp, Parch, Embarked"
Logistic Regression,0.8161434977578476,"Pclass, Sex, Age, SibSp, Fare, Embarked"
Logistic Regression,0.8161434977578476,"Pclass, Sex, Age, SibSp, Parch, Fare, Embarked"
Logistic Regression,0.8116591928251121,"Pclass, Sex, Age, SibSp"
Logistic Regression,0.8116591928251121,"Pclass, Sex, Age, SibSp, Parch"
Logistic Regression,0.8116591928251121,"Pclass, Sex, Age, SibSp, Fare"
Logistic Regression,0.8116591928251121,"Pclass, Sex, Age, Parch, Fare"
Logistic Regression,0.8116591928251121,"Pclass, Sex, Age, Parch, Embarked"
Logistic Regression,0.8116591928251121,"Pclass, Sex, Age, SibSp, Parch, Fare"
Logistic Regression,0.8116591928251121,"Pclass, Sex, Age, Parch, Fare, Embarked"
Logistic Regression,0.8071748878923767,"Sex, SibSp"
Logistic Regression,0.8071748878923767,"Pclass, Sex, Age"
Logistic Regression,0.8071748878923767,"Pclass, Sex, SibSp"
Logistic Regression,0.8071748878923767,"Sex, Age, SibSp"
Logistic Regression,0.8071748878923767,"Sex, SibSp, Parch"
Logistic Regression,0.8071748878923767,"Sex, SibSp, Fare"
Logistic Regression,0.8071748878923767,"Sex, SibSp, Embarked"
Logistic Regression,0.8071748878923767,"Pclass, Sex, Age, Parch"
Logistic Regression,0.8071748878923767,"Pclass, Sex, Age, Fare"
Logistic Regression,0.8071748878923767,"Pclass, Sex, Age, Embarked"
Logistic Regression,0.8071748878923767,"Pclass, Sex, SibSp, Parch"
Logistic Regression,0.8071748878923767,"Pclass, Sex, SibSp, Fare"
Logistic Regression,0.8071748878923767,"Sex, Age, SibSp, Parch"
Logistic Regression,0.8071748878923767,"Sex, Age, SibSp, Fare"
Logistic Regression,0.8071748878923767,"Sex, Age, SibSp, Embarked"
Logistic Regression,0.8071748878923767,"Sex, SibSp, Parch, Fare"
Logistic Regression,0.8071748878923767,"Sex, SibSp, Parch, Embarked"
Logistic Regression,0.8071748878923767,"Sex, SibSp, Fare, Embarked"
Logistic Regression,0.8071748878923767,"Pclass, Sex, Age, Fare, Embarked"
Logistic Regression,0.8071748878923767,"Pclass, Sex, SibSp, Parch, Fare"
Logistic Regression,0.8071748878923767,"Pclass, Sex, SibSp, Parch, Embarked"
Logistic Regression,0.8071748878923767,"Sex, Age, SibSp, Parch, Fare"
Logistic Regression,0.8071748878923767,"Sex, Age, SibSp, Parch, Embarked"
Logistic Regression,0.8071748878923767,"Sex, Age, SibSp, Fare, Embarked"
Logistic Regression,0.8071748878923767,"Sex, SibSp, Parch, Fare, Embarked"
Logistic Regression,0.8071748878923767,"Pclass, Sex, SibSp, Parch, Fare, Embarked"
Logistic Regression,0.8071748878923767,"Sex, Age, SibSp, Parch, Fare, Embarked"
Logistic Regression,0.8026905829596412,Sex
Logistic Regression,0.8026905829596412,"Pclass, Sex"
Logistic Regression,0.8026905829596412,"Sex, Age"
Logistic Regression,0.8026905829596412,"Sex, Parch"
Logistic Regression,0.8026905829596412,"Sex, Fare"
Logistic Regression,0.8026905829596412,"Sex, Embarked"
Logistic Regression,0.8026905829596412,"Pclass, Sex, Parch"
Logistic Regression,0.8026905829596412,"Pclass, Sex, Fare"
Logistic Regression,0.8026905829596412,"Sex, Age, Parch"
Logistic Regression,0.8026905829596412,"Sex, Age, Fare"
Logistic Regression,0.8026905829596412,"Sex, Age, Embarked"
Logistic Regression,0.8026905829596412,"Sex, Parch, Fare"
Logistic Regression,0.8026905829596412,"Sex, Parch, Embarked"
Logistic Regression,0.8026905829596412,"Sex, Fare, Embarked"
Logistic Regression,0.8026905829596412,"Pclass, Sex, SibSp, Embarked"
Logistic Regression,0.8026905829596412,"Pclass, Sex, Parch, Fare"
Logistic Regression,0.8026905829596412,"Sex, Age, Parch, Fare"
Logistic Regression,0.8026905829596412,"Sex, Age, Parch, Embarked"
Logistic Regression,0.8026905829596412,"Sex, Age, Fare, Embarked"
Logistic Regression,0.8026905829596412,"Sex, Parch, Fare, Embarked"
Logistic Regression,0.8026905829596412,"Pclass, Sex, SibSp, Fare, Embarked"
Logistic Regression,0.8026905829596412,"Sex, Age, Parch, Fare, Embarked"
Logistic Regression,0.7982062780269058,"Pclass, Sex, Embarked"
Logistic Regression,0.7982062780269058,"Pclass, Sex, Parch, Embarked"
Logistic Regression,0.7982062780269058,"Pclass, Sex, Fare, Embarked"
Logistic Regression,0.7982062780269058,"Pclass, Sex, Parch, Fare, Embarked"
Logistic Regression,0.7802690582959642,"Pclass, Age, SibSp, Parch, Embarked"
Logistic Regression,0.7802690582959642,"Pclass, Age, SibSp, Parch, Fare, Embarked"
Logistic Regression,0.7757847533632287,"Pclass, Age, Embarked"
Logistic Regression,0.7757847533632287,"Pclass, Age, Parch, Embarked"
Logistic Regression,0.7757847533632287,"Pclass, Age, Fare, Embarked"
Logistic Regression,0.7757847533632287,"Pclass, Age, Parch, Fare, Embarked"
Logistic Regression,0.7668161434977578,"Pclass, Age, Parch"
Logistic Regression,0.7668161434977578,"Pclass, Age, SibSp, Embarked"
Logistic Regression,0.7668161434977578,"Pclass, Age, SibSp, Fare, Embarked"
Logistic Regression,0.7623318385650224,"Pclass, Age, Parch, Fare"
Logistic Regression,0.757847533632287,"Pclass, Age, SibSp, Parch"
Logistic Regression,0.7488789237668162,"Pclass, Age, SibSp"
Logistic Regression,0.7488789237668162,"Pclass, Age, SibSp, Parch, Fare"
Logistic Regression,0.7443946188340808,"Pclass, Age"
Logistic Regression,0.7443946188340808,"Pclass, Age, Fare"
Logistic Regression,0.7399103139013453,"Pclass, Age, SibSp, Fare"
Logistic Regression,0.7309417040358744,"Pclass, Parch"
Logistic Regression,0.7309417040358744,"Pclass, Embarked"
Logistic Regression,0.7309417040358744,"Pclass, SibSp, Embarked"
Logistic Regression,0.7309417040358744,"Pclass, Parch, Fare"
Logistic Regression,0.7309417040358744,"Pclass, Parch, Embarked"
Logistic Regression,0.7309417040358744,"Pclass, Fare, Embarked"
Logistic Regression,0.7309417040358744,"Pclass, SibSp, Parch, Embarked"
Logistic Regression,0.7309417040358744,"Pclass, SibSp, Fare, Embarked"
Logistic Regression,0.7309417040358744,"Pclass, Parch, Fare, Embarked"
Logistic Regression,0.7309417040358744,"Pclass, SibSp, Parch, Fare, Embarked"
Logistic Regression,0.726457399103139,Pclass
Logistic Regression,0.726457399103139,"Pclass, SibSp"
Logistic Regression,0.726457399103139,"Pclass, Fare"
Logistic Regression,0.726457399103139,"Pclass, SibSp, Parch"
Logistic Regression,0.726457399103139,"Pclass, SibSp, Fare"
Logistic Regression,0.726457399103139,"Pclass, SibSp, Parch, Fare"
Logistic Regression,0.7174887892376681,"Age, SibSp, Fare"
Logistic Regression,0.7130044843049327,"Age, Fare"
Logistic Regression,0.7130044843049327,"Age, Parch, Fare"
Logistic Regression,0.7130044843049327,"Parch, Fare, Embarked"
Logistic Regression,0.7085201793721974,"Fare, Embarked"
Logistic Regression,0.7085201793721974,"SibSp, Parch, Fare, Embarked"
Logistic Regression,0.7040358744394619,Fare
Logistic Regression,0.7040358744394619,"SibSp, Fare"
Logistic Regression,0.7040358744394619,"Age, SibSp, Parch, Fare"
Logistic Regression,0.7040358744394619,"Age, Parch, Fare, Embarked"
Logistic Regression,0.6995515695067265,"Parch, Fare"
Logistic Regression,0.6905829596412556,"SibSp, Parch, Fare"
Logistic Regression,0.6860986547085202,"Age, Fare, Embarked"
Logistic Regression,0.6860986547085202,"Age, SibSp, Parch, Fare, Embarked"
Logistic Regression,0.672645739910314,Age
Logistic Regression,0.672645739910314,SibSp
Logistic Regression,0.672645739910314,"Age, SibSp"
Logistic Regression,0.672645739910314,"Age, SibSp, Parch"
Logistic Regression,0.672645739910314,"SibSp, Fare, Embarked"
Logistic Regression,0.672645739910314,"Age, SibSp, Fare, Embarked"
Logistic Regression,0.6681614349775785,Parch
Logistic Regression,0.6636771300448431,Embarked
Logistic Regression,0.6636771300448431,"Age, Embarked"
Logistic Regression,0.6636771300448431,"SibSp, Parch"
Logistic Regression,0.6636771300448431,"SibSp, Embarked"
Logistic Regression,0.6591928251121076,"Age, Parch"
Logistic Regression,0.6591928251121076,"Age, SibSp, Embarked"
Logistic Regression,0.6547085201793722,"Parch, Embarked"
Logistic Regression,0.6547085201793722,"Age, Parch, Embarked"
Logistic Regression,0.6547085201793722,"SibSp, Parch, Embarked"
Logistic Regression,0.6502242152466368,"Age, SibSp, Parch, Embarked"
Random Forest,0.852017937219731,"Pclass, Sex, Age, Fare"
Random Forest,0.852017937219731,"Pclass, Sex, Age, Parch, Fare"
Random Forest,0.852017937219731,"Pclass, Sex, Age, Fare, Embarked"
Random Forest,0.8430493273542601,"Pclass, Sex, Parch"
Random Forest,0.8430493273542601,"Pclass, Sex, Age, SibSp, Fare"
Random Forest,0.8385650224215246,"Pclass, Sex, Parch, Fare"
Random Forest,0.8385650224215246,"Pclass, Sex, Parch, Embarked"
Random Forest,0.8385650224215246,"Pclass, Sex, Age, SibSp, Parch, Fare"
Random Forest,0.8385650224215246,"Pclass, Sex, Age, Parch, Fare, Embarked"
Random Forest,0.8340807174887892,"Pclass, Sex, Fare"
Random Forest,0.8340807174887892,"Sex, Parch, Fare"
Random Forest,0.8340807174887892,"Pclass, Sex, SibSp, Fare"
Random Forest,0.8340807174887892,"Sex, Age, SibSp, Parch, Fare"
Random Forest,0.8340807174887892,"Pclass, Sex, Age, SibSp, Fare, Embarked"
Random Forest,0.8295964125560538,"Sex, Fare"
Random Forest,0.8251121076233184,"Pclass, Sex, Embarked"
Random Forest,0.8251121076233184,"Pclass, Sex, SibSp, Parch, Fare"
Random Forest,0.8251121076233184,"Pclass, Sex, Parch, Fare, Embarked"
Random Forest,0.820627802690583,"Sex, SibSp, Parch"
Random Forest,0.820627802690583,"Sex, SibSp, Fare"
Random Forest,0.820627802690583,"Sex, Age, SibSp, Fare"
Random Forest,0.820627802690583,"Sex, SibSp, Parch, Fare"
Random Forest,0.820627802690583,"Pclass, Sex, Age, SibSp, Parch, Fare, Embarked"
Random Forest,0.8161434977578476,"Pclass, Sex, Age"
Random Forest,0.8161434977578476,"Sex, Fare, Embarked"
Random Forest,0.8161434977578476,"Pclass, Sex, Age, Embarked"
Random Forest,0.8161434977578476,"Pclass, Sex, Fare, Embarked"
Random Forest,0.8161434977578476,"Sex, Parch, Fare, Embarked"
Random Forest,0.8161434977578476,"Pclass, Sex, Age, SibSp, Embarked"
Random Forest,0.8161434977578476,"Sex, Age, SibSp, Parch, Fare, Embarked"
Random Forest,0.8116591928251121,"Sex, SibSp"
Random Forest,0.8116591928251121,"Sex, Age, Fare"
Random Forest,0.8116591928251121,"Sex, Age, Parch, Fare"
Random Forest,0.8116591928251121,"Sex, SibSp, Parch, Embarked"
Random Forest,0.8116591928251121,"Pclass, Sex, Age, SibSp, Parch, Embarked"
Random Forest,0.8071748878923767,"Sex, Parch"
Random Forest,0.8071748878923767,"Pclass, Sex, SibSp"
Random Forest,0.8071748878923767,"Sex, Parch, Embarked"
Random Forest,0.8071748878923767,"Pclass, Sex, Age, SibSp"
Random Forest,0.8071748878923767,"Pclass, Sex, Age, Parch"
Random Forest,0.8071748878923767,"Pclass, Sex, Age, SibSp, Parch"
Random Forest,0.8071748878923767,"Sex, Age, SibSp, Fare, Embarked"
Random Forest,0.8026905829596412,Sex
Random Forest,0.8026905829596412,"Pclass, Sex"
Random Forest,0.8026905829596412,"Sex, Embarked"
Random Forest,0.8026905829596412,"Sex, SibSp, Embarked"
Random Forest,0.8026905829596412,"Sex, Age, SibSp, Parch"
Random Forest,0.8026905829596412,"Pclass, Sex, Age, Parch, Embarked"
Random Forest,0.8026905829596412,"Pclass, Sex, SibSp, Parch, Embarked"
Random Forest,0.8026905829596412,"Sex, Age, Parch, Fare, Embarked"
Random Forest,0.7982062780269058,"Sex, Age, Parch"
Random Forest,0.7982062780269058,"Pclass, Sex, SibSp, Parch"
Random Forest,0.7982062780269058,"Pclass, Sex, SibSp, Embarked"
Random Forest,0.7982062780269058,"Pclass, Sex, SibSp, Fare, Embarked"
Random Forest,0.7937219730941704,"Sex, Age, Parch, Embarked"
Random Forest,0.7937219730941704,"Sex, SibSp, Parch, Fare, Embarked"
Random Forest,0.7937219730941704,"Pclass, Sex, SibSp, Parch, Fare, Embarked"
Random Forest,0.7892376681614349,"Sex, Age, SibSp"
Random Forest,0.7892376681614349,"Sex, Age, Fare, Embarked"
Random Forest,0.7892376681614349,"Sex, SibSp, Fare, Embarked"
Random Forest,0.7892376681614349,"Sex, Age, SibSp, Parch, Embarked"
Random Forest,0.7847533632286996,"Pclass, Age, SibSp, Parch, Fare"
Random Forest,0.7802690582959642,"Sex, Age"
Random Forest,0.7757847533632287,"Pclass, Age, Parch, Fare"
Random Forest,0.7668161434977578,"Sex, Age, SibSp, Embarked"
Random Forest,0.7623318385650224,"Pclass, Parch"
Random Forest,0.7623318385650224,"Pclass, Parch, Embarked"
Random Forest,0.7623318385650224,"Pclass, Age, SibSp, Fare"
Random Forest,0.757847533632287,"Pclass, Fare"
Random Forest,0.757847533632287,"Pclass, Parch, Fare"
Random Forest,0.757847533632287,"Pclass, Age, SibSp, Parch, Fare, Embarked"
Random Forest,0.7533632286995515,"Pclass, Age, Fare"
Random Forest,0.7533632286995515,"Pclass, SibSp, Parch, Fare"
Random Forest,0.7533632286995515,"Pclass, Age, Parch, Fare, Embarked"
Random Forest,0.7488789237668162,Fare
Random Forest,0.7488789237668162,"Pclass, SibSp, Parch"
Random Forest,0.7488789237668162,"Pclass, Age, Fare, Embarked"
Random Forest,0.7488789237668162,"Age, SibSp, Parch, Fare"
Random Forest,0.7443946188340808,"Pclass, SibSp, Parch, Embarked"
Random Forest,0.7399103139013453,"Pclass, SibSp"
Random Forest,0.7354260089686099,"Sex, Age, Embarked"
Random Forest,0.7354260089686099,"Age, SibSp, Fare"
Random Forest,0.7309417040358744,"Pclass, SibSp, Embarked"
Random Forest,0.726457399103139,"SibSp, Fare"
Random Forest,0.726457399103139,"Parch, Fare"
Random Forest,0.726457399103139,"Pclass, SibSp, Fare"
Random Forest,0.7219730941704036,"Pclass, Age, SibSp, Fare, Embarked"
Random Forest,0.7219730941704036,"Pclass, SibSp, Parch, Fare, Embarked"
Random Forest,0.7174887892376681,"Age, Fare"
Random Forest,0.7174887892376681,"Pclass, Age, SibSp"
Random Forest,0.7174887892376681,"SibSp, Parch, Fare"
Random Forest,0.7174887892376681,"Pclass, Age, SibSp, Embarked"
Random Forest,0.7174887892376681,"Pclass, Parch, Fare, Embarked"
Random Forest,0.7174887892376681,"Age, SibSp, Fare, Embarked"
Random Forest,0.7130044843049327,"Pclass, Age"
Random Forest,0.7130044843049327,"Pclass, Fare, Embarked"
Random Forest,0.7130044843049327,"Pclass, Age, SibSp, Parch"
Random Forest,0.7130044843049327,"Age, SibSp, Parch, Fare, Embarked"
Random Forest,0.7085201793721974,"Fare, Embarked"
Random Forest,0.7040358744394619,"Pclass, Age, Parch, Embarked"
Random Forest,0.6995515695067265,"Pclass, Age, Embarked"
Random Forest,0.6995515695067265,"Age, Parch, Fare"
Random Forest,0.695067264573991,"Pclass, SibSp, Fare, Embarked"
Random Forest,0.695067264573991,"SibSp, Parch, Fare, Embarked"
Random Forest,0.6905829596412556,"SibSp, Parch, Embarked"
Random Forest,0.6905829596412556,"Age, SibSp, Parch, Embarked"
Random Forest,0.6905829596412556,"Age, Parch, Fare, Embarked"
Random Forest,0.6905829596412556,"Pclass, Age, SibSp, Parch, Embarked"
Random Forest,0.6860986547085202,"Pclass, Age, Parch"
Random Forest,0.6860986547085202,"Age, Fare, Embarked"
Random Forest,0.6860986547085202,"Parch, Fare, Embarked"
Random Forest,0.6816143497757847,"SibSp, Fare, Embarked"
Random Forest,0.6771300448430493,Pclass
Random Forest,0.6771300448430493,"Pclass, Embarked"
Random Forest,0.672645739910314,"Age, SibSp, Parch"
Random Forest,0.6681614349775785,"SibSp, Parch"
Random Forest,0.6681614349775785,"SibSp, Embarked"
Random Forest,0.6636771300448431,SibSp
Random Forest,0.6636771300448431,Embarked
Random Forest,0.6547085201793722,Parch
Random Forest,0.6502242152466368,"Age, Parch, Embarked"
Random Forest,0.6457399103139013,Age
Random Forest,0.6457399103139013,"Age, SibSp"
Random Forest,0.6457399103139013,"Age, Parch"
Random Forest,0.6457399103139013,"Parch, Embarked"
Random Forest,0.6457399103139013,"Age, SibSp, Embarked"
Random Forest,0.6322869955156951,"Age, Embarked"
SVC,0.8295964125560538,"Pclass, Sex, SibSp"
SVC,0.8295964125560538,"Pclass, Sex, SibSp, Fare"
SVC,0.8295964125560538,"Pclass, Sex, Age, SibSp, Parch"
SVC,0.8251121076233184,"Pclass, Sex, Embarked"
SVC,0.8251121076233184,"Pclass, Sex, Age, Embarked"
SVC,0.8251121076233184,"Pclass, Sex, SibSp, Parch"
SVC,0.8251121076233184,"Pclass, Sex, SibSp, Embarked"
SVC,0.8251121076233184,"Pclass, Sex, Parch, Embarked"
SVC,0.8251121076233184,"Pclass, Sex, Fare, Embarked"
SVC,0.8251121076233184,"Pclass, Sex, Age, SibSp, Embarked"
SVC,0.8251121076233184,"Pclass, Sex, Age, Parch, Embarked"
SVC,0.8251121076233184,"Pclass, Sex, Age, Fare, Embarked"
SVC,0.8251121076233184,"Pclass, Sex, SibSp, Parch, Fare"
SVC,0.8251121076233184,"Pclass, Sex, SibSp, Parch, Embarked"
SVC,0.8251121076233184,"Pclass, Sex, SibSp, Fare, Embarked"
SVC,0.8251121076233184,"Pclass, Sex, Parch, Fare, Embarked"
SVC,0.8251121076233184,"Pclass, Sex, Age, SibSp, Parch, Fare"
SVC,0.8251121076233184,"Pclass, Sex, Age, SibSp, Parch, Embarked"
SVC,0.8251121076233184,"Pclass, Sex, Age, SibSp, Fare, Embarked"
SVC,0.8251121076233184,"Pclass, Sex, Age, Parch, Fare, Embarked"
SVC,0.8251121076233184,"Pclass, Sex, SibSp, Parch, Fare, Embarked"
SVC,0.8251121076233184,"Pclass, Sex, Age, SibSp, Parch, Fare, Embarked"
SVC,0.8161434977578476,"Sex, SibSp, Parch"
SVC,0.8161434977578476,"Pclass, Sex, Age, SibSp"
SVC,0.8161434977578476,"Sex, SibSp, Parch, Fare"
SVC,0.8161434977578476,"Sex, SibSp, Parch, Embarked"
SVC,0.8161434977578476,"Pclass, Sex, Age, SibSp, Fare"
SVC,0.8161434977578476,"Pclass, Sex, Age, Parch, Fare"
SVC,0.8161434977578476,"Sex, Age, SibSp, Parch, Fare"
SVC,0.8161434977578476,"Sex, Age, SibSp, Parch, Embarked"
SVC,0.8161434977578476,"Sex, Age, SibSp, Parch, Fare, Embarked"
SVC,0.8116591928251121,"Sex, SibSp, Fare"
SVC,0.8116591928251121,"Pclass, Sex, Age, Parch"
SVC,0.8116591928251121,"Sex, Age, SibSp, Parch"
SVC,0.8116591928251121,"Sex, Age, SibSp, Fare"
SVC,0.8116591928251121,"Sex, SibSp, Fare, Embarked"
SVC,0.8116591928251121,"Sex, Age, SibSp, Fare, Embarked"
SVC,0.8116591928251121,"Sex, SibSp, Parch, Fare, Embarked"
SVC,0.8071748878923767,"Sex, SibSp"
SVC,0.8071748878923767,"Sex, Parch"
SVC,0.8071748878923767,"Pclass, Sex, Age"
SVC,0.8071748878923767,"Pclass, Sex, Parch"
SVC,0.8071748878923767,"Sex, Age, SibSp"
SVC,0.8071748878923767,"Sex, Age, Parch"
SVC,0.8071748878923767,"Sex, SibSp, Embarked"
SVC,0.8071748878923767,"Sex, Parch, Fare"
SVC,0.8071748878923767,"Sex, Parch, Embarked"
SVC,0.8071748878923767,"Pclass, Sex, Parch, Fare"
SVC,0.8071748878923767,"Sex, Age, SibSp, Embarked"
SVC,0.8071748878923767,"Sex, Age, Parch, Fare"
SVC,0.8071748878923767,"Sex, Age, Parch, Embarked"
SVC,0.8071748878923767,"Sex, Parch, Fare, Embarked"
SVC,0.8071748878923767,"Sex, Age, Parch, Fare, Embarked"
SVC,0.8026905829596412,Sex
SVC,0.8026905829596412,"Pclass, Sex"
SVC,0.8026905829596412,"Sex, Age"
SVC,0.8026905829596412,"Sex, Fare"
SVC,0.8026905829596412,"Sex, Embarked"
SVC,0.8026905829596412,"Pclass, Sex, Fare"
SVC,0.8026905829596412,"Sex, Age, Fare"
SVC,0.8026905829596412,"Sex, Age, Embarked"
SVC,0.8026905829596412,"Sex, Fare, Embarked"
SVC,0.8026905829596412,"Pclass, Sex, Age, Fare"
SVC,0.8026905829596412,"Sex, Age, Fare, Embarked"
SVC,0.7713004484304933,"Pclass, Age, SibSp, Parch"
SVC,0.7668161434977578,"Pclass, Age, Parch"
SVC,0.7668161434977578,"Pclass, Age, Parch, Fare"
SVC,0.7623318385650224,"Pclass, Parch"
SVC,0.7623318385650224,"Pclass, SibSp, Parch"
SVC,0.7623318385650224,"Pclass, Parch, Fare"
SVC,0.7623318385650224,"Pclass, Parch, Embarked"
SVC,0.7623318385650224,"Pclass, SibSp, Parch, Fare"
SVC,0.7623318385650224,"Pclass, SibSp, Parch, Embarked"
SVC,0.7623318385650224,"Pclass, Parch, Fare, Embarked"
SVC,0.7623318385650224,"Pclass, Age, SibSp, Parch, Fare"
SVC,0.7623318385650224,"Pclass, SibSp, Parch, Fare, Embarked"
SVC,0.757847533632287,"Pclass, Age, Parch, Embarked"
SVC,0.757847533632287,"Pclass, Age, SibSp, Parch, Embarked"
SVC,0.757847533632287,"Pclass, Age, Parch, Fare, Embarked"
SVC,0.757847533632287,"Pclass, Age, SibSp, Parch, Fare, Embarked"
SVC,0.7533632286995515,"Age, SibSp, Fare, Embarked"
SVC,0.7488789237668162,"Pclass, Age"
SVC,0.7488789237668162,"Pclass, Age, SibSp"
SVC,0.7488789237668162,"Age, SibSp, Parch, Fare, Embarked"
SVC,0.7443946188340808,"Pclass, SibSp, Fare, Embarked"
SVC,0.7399103139013453,"Pclass, Age, SibSp, Fare"
SVC,0.7399103139013453,"Pclass, Age, SibSp, Fare, Embarked"
SVC,0.7354260089686099,"Pclass, Age, Fare"
SVC,0.7354260089686099,"Pclass, Age, SibSp, Embarked"
SVC,0.7309417040358744,"Age, SibSp, Fare"
SVC,0.7309417040358744,"Age, SibSp, Parch, Fare"
SVC,0.7309417040358744,"SibSp, Parch, Fare, Embarked"
SVC,0.7219730941704036,"Pclass, Age, Embarked"
SVC,0.7219730941704036,"SibSp, Parch, Fare"
SVC,0.7174887892376681,"Pclass, Age, Fare, Embarked"
SVC,0.7174887892376681,"Age, Parch, Fare, Embarked"
SVC,0.7040358744394619,"Age, Fare"
SVC,0.7040358744394619,"Age, SibSp, Parch"
SVC,0.7040358744394619,"Age, SibSp, Embarked"
SVC,0.7040358744394619,"Age, Fare, Embarked"
SVC,0.6995515695067265,"SibSp, Fare"
SVC,0.6995515695067265,"SibSp, Fare, Embarked"
SVC,0.6995515695067265,"Age, SibSp, Parch, Embarked"
SVC,0.695067264573991,Fare
SVC,0.695067264573991,"Age, Parch, Fare"
SVC,0.6905829596412556,"SibSp, Parch, Embarked"
SVC,0.6816143497757847,"Age, SibSp"
SVC,0.6816143497757847,"Fare, Embarked"
SVC,0.6771300448430493,Pclass
SVC,0.6771300448430493,"Pclass, SibSp"
SVC,0.6771300448430493,"Pclass, Fare"
SVC,0.6771300448430493,"Pclass, Embarked"
SVC,0.6771300448430493,"Parch, Fare"
SVC,0.6771300448430493,"Pclass, SibSp, Fare"
SVC,0.6771300448430493,"Pclass, SibSp, Embarked"
SVC,0.6771300448430493,"Pclass, Fare, Embarked"
SVC,0.672645739910314,"Parch, Fare, Embarked"
SVC,0.6681614349775785,Age
SVC,0.6681614349775785,"SibSp, Parch"
SVC,0.6636771300448431,SibSp
SVC,0.6636771300448431,Embarked
SVC,0.6636771300448431,"Age, Embarked"
SVC,0.6636771300448431,"SibSp, Embarked"
SVC,0.6636771300448431,"Age, Parch, Embarked"
SVC,0.6502242152466368,Parch
SVC,0.6502242152466368,"Parch, Embarked"
SVC,0.6457399103139013,"Age, Parch"
XGBoost,0.8565022421524664,"Sex, Parch, Fare"
XGBoost,0.852017937219731,"Pclass, Sex, Age, Fare, Embarked"
XGBoost,0.852017937219731,"Sex, Age, SibSp, Parch, Fare"
XGBoost,0.852017937219731,"Pclass, Sex, Age, SibSp, Parch, Fare"
XGBoost,0.852017937219731,"Pclass, Sex, Age, SibSp, Fare, Embarked"
XGBoost,0.8475336322869955,"Pclass, Sex, Age, Parch, Fare, Embarked"
XGBoost,0.8475336322869955,"Sex, Age, SibSp, Parch, Fare, Embarked"
XGBoost,0.8430493273542601,"Pclass, Sex, Parch"
XGBoost,0.8430493273542601,"Sex, Parch, Fare, Embarked"
XGBoost,0.8430493273542601,"Pclass, Sex, Age, SibSp, Fare"
XGBoost,0.8430493273542601,"Pclass, Sex, Age, SibSp, Parch, Fare, Embarked"
XGBoost,0.8385650224215246,"Pclass, Sex, Age, Parch"
XGBoost,0.8385650224215246,"Sex, Age, Parch, Fare"
XGBoost,0.8385650224215246,"Pclass, Sex, Age, Parch, Fare"
XGBoost,0.8385650224215246,"Pclass, Sex, Age, Parch, Embarked"
XGBoost,0.8385650224215246,"Sex, Age, SibSp, Fare, Embarked"
XGBoost,0.8340807174887892,"Sex, SibSp, Fare"
XGBoost,0.8340807174887892,"Pclass, Sex, Parch, Embarked"
XGBoost,0.8340807174887892,"Pclass, Sex, Fare, Embarked"
XGBoost,0.8340807174887892,"Sex, Age, SibSp, Fare"
XGBoost,0.8340807174887892,"Sex, SibSp, Parch, Fare"
XGBoost,0.8340807174887892,"Pclass, Sex, SibSp, Fare, Embarked"
XGBoost,0.8295964125560538,"Pclass, Sex, SibSp, Fare"
XGBoost,0.8295964125560538,"Pclass, Sex, Parch, Fare"
XGBoost,0.8295964125560538,"Sex, Age, Fare, Embarked"
XGBoost,0.8295964125560538,"Pclass, Sex, SibSp, Parch, Fare"
XGBoost,0.8295964125560538,"Pclass, Sex, Parch, Fare, Embarked"
XGBoost,0.8251121076233184,"Sex, Fare"
XGBoost,0.8251121076233184,"Pclass, Sex, Age"
XGBoost,0.8251121076233184,"Pclass, Sex, Embarked"
XGBoost,0.8251121076233184,"Pclass, Sex, Age, Fare"
XGBoost,0.8251121076233184,"Pclass, Sex, Age, SibSp, Parch, Embarked"
XGBoost,0.820627802690583,"Pclass, Sex, Fare"
XGBoost,0.820627802690583,"Sex, SibSp, Parch"
XGBoost,0.820627802690583,"Sex, Fare, Embarked"
XGBoost,0.820627802690583,"Pclass, Sex, Age, Embarked"
XGBoost,0.820627802690583,"Sex, SibSp, Fare, Embarked"
XGBoost,0.820627802690583,"Sex, Age, SibSp, Parch, Embarked"
XGBoost,0.820627802690583,"Sex, Age, Parch, Fare, Embarked"
XGBoost,0.820627802690583,"Pclass, Sex, SibSp, Parch, Fare, Embarked"
XGBoost,0.8161434977578476,"Sex, SibSp, Parch, Fare, Embarked"
XGBoost,0.8116591928251121,"Sex, SibSp"
XGBoost,0.8116591928251121,"Sex, Age, Fare"
XGBoost,0.8116591928251121,"Pclass, Sex, Age, SibSp"
XGBoost,0.8116591928251121,"Sex, SibSp, Parch, Embarked"
XGBoost,0.8116591928251121,"Pclass, Sex, Age, SibSp, Embarked"
XGBoost,0.8071748878923767,"Sex, Parch"
XGBoost,0.8071748878923767,"Pclass, Sex, SibSp"
XGBoost,0.8071748878923767,"Sex, Age, SibSp, Parch"
XGBoost,0.8071748878923767,"Pclass, Sex, SibSp, Parch, Embarked"
XGBoost,0.8026905829596412,Sex
XGBoost,0.8026905829596412,"Pclass, Sex"
XGBoost,0.8026905829596412,"Sex, Age"
XGBoost,0.8026905829596412,"Sex, Embarked"
XGBoost,0.8026905829596412,"Sex, Age, SibSp"
XGBoost,0.8026905829596412,"Sex, Age, Parch"
XGBoost,0.8026905829596412,"Sex, SibSp, Embarked"
XGBoost,0.8026905829596412,"Sex, Parch, Embarked"
XGBoost,0.8026905829596412,"Sex, Age, Parch, Embarked"
XGBoost,0.8026905829596412,"Pclass, Sex, Age, SibSp, Parch"
XGBoost,0.7982062780269058,"Pclass, Sex, SibSp, Parch"
XGBoost,0.7982062780269058,"Pclass, Sex, SibSp, Embarked"
XGBoost,0.7937219730941704,"Sex, Age, SibSp, Embarked"
XGBoost,0.7713004484304933,"Sex, Age, Embarked"
XGBoost,0.7623318385650224,"Pclass, Parch"
XGBoost,0.7623318385650224,"Pclass, Parch, Embarked"
XGBoost,0.7623318385650224,"Pclass, Age, Fare, Embarked"
XGBoost,0.7488789237668162,"Pclass, Age, Fare"
XGBoost,0.7488789237668162,"Pclass, Age, Parch, Fare"
XGBoost,0.7488789237668162,"Pclass, Age, Parch, Fare, Embarked"
XGBoost,0.7488789237668162,"Age, SibSp, Parch, Fare, Embarked"
XGBoost,0.7443946188340808,"Pclass, Parch, Fare"
XGBoost,0.7443946188340808,"Pclass, SibSp, Parch, Fare"
XGBoost,0.7443946188340808,"Pclass, Age, SibSp, Parch, Fare, Embarked"
XGBoost,0.7399103139013453,Fare
XGBoost,0.7399103139013453,"Pclass, SibSp"
XGBoost,0.7399103139013453,"Pclass, Fare"
XGBoost,0.7399103139013453,"Pclass, SibSp, Parch, Embarked"
XGBoost,0.7399103139013453,"Age, SibSp, Fare, Embarked"
XGBoost,0.7399103139013453,"Pclass, Age, SibSp, Fare, Embarked"
XGBoost,0.7354260089686099,"Pclass, Age, SibSp, Fare"
XGBoost,0.7309417040358744,"Pclass, SibSp, Fare"
XGBoost,0.7309417040358744,"Age, SibSp, Parch, Fare"
XGBoost,0.7309417040358744,"Pclass, Age, SibSp, Parch, Fare"
XGBoost,0.7309417040358744,"Pclass, SibSp, Parch, Fare, Embarked"
XGBoost,0.726457399103139,"Pclass, Age"
XGBoost,0.726457399103139,"Pclass, SibSp, Embarked"
XGBoost,0.726457399103139,"Age, Parch, Fare"
XGBoost,0.726457399103139,"Pclass, Age, SibSp, Embarked"
XGBoost,0.7219730941704036,"Pclass, Fare, Embarked"
XGBoost,0.7219730941704036,"Age, SibSp, Fare"
XGBoost,0.7219730941704036,"Age, Fare, Embarked"
XGBoost,0.7219730941704036,"SibSp, Parch, Fare"
XGBoost,0.7219730941704036,"Pclass, Age, SibSp, Parch"
XGBoost,0.7219730941704036,"Pclass, SibSp, Fare, Embarked"
XGBoost,0.7174887892376681,"Pclass, Parch, Fare, Embarked"
XGBoost,0.7130044843049327,"SibSp, Fare"
XGBoost,0.7130044843049327,"Fare, Embarked"
XGBoost,0.7130044843049327,"Pclass, Age, SibSp"
XGBoost,0.7130044843049327,"Pclass, Age, Parch"
XGBoost,0.7130044843049327,"Pclass, SibSp, Parch"
XGBoost,0.7085201793721974,"Age, Fare"
XGBoost,0.7085201793721974,"Parch, Fare"
XGBoost,0.7085201793721974,"SibSp, Fare, Embarked"
XGBoost,0.7085201793721974,"Age, Parch, Fare, Embarked"
XGBoost,0.7085201793721974,"Pclass, Age, SibSp, Parch, Embarked"
XGBoost,0.7040358744394619,"SibSp, Parch, Fare, Embarked"
XGBoost,0.6995515695067265,"Pclass, Age, Embarked"
XGBoost,0.695067264573991,"Pclass, Age, Parch, Embarked"
XGBoost,0.6905829596412556,"SibSp, Parch, Embarked"
XGBoost,0.6816143497757847,"Age, SibSp, Parch"
XGBoost,0.6816143497757847,"Parch, Fare, Embarked"
XGBoost,0.6771300448430493,Pclass
XGBoost,0.6771300448430493,"Pclass, Embarked"
XGBoost,0.672645739910314,"SibSp, Parch"
XGBoost,0.672645739910314,"Age, SibSp, Embarked"
XGBoost,0.6681614349775785,Age
XGBoost,0.6681614349775785,"SibSp, Embarked"
XGBoost,0.6636771300448431,SibSp
XGBoost,0.6636771300448431,Embarked
XGBoost,0.6636771300448431,"Age, SibSp"
XGBoost,0.6591928251121076,"Age, SibSp, Parch, Embarked"
XGBoost,0.6547085201793722,"Age, Parch, Embarked"
XGBoost,0.6502242152466368,Parch
XGBoost,0.6457399103139013,"Age, Parch"
XGBoost,0.6457399103139013,"Parch, Embarked"
XGBoost,0.6367713004484304,"Age, Embarked"
